,Words
0,gel
1,day
2,scorch
3,hear
4,sizzle
5,jotted
6,train
7,upset
8,motor
9,sprint
10,hatchling
11,swirled
12,sport
13,father
14,talking
15,awe
16,razz
17,amount
18,rich
19,jam
20,money
21,afar
22,followed
23,sighed
24,eel
25,mugs
26,couch
27,bowl
28,purple
29,sheen
30,fans
31,fair
32,nibble
33,sweat
34,entire
35,worse
36,dome
37,dinner
38,strands
39,cost
40,December
41,sandwich
42,tall
43,rats
44,chapter
45,sleek
46,sudden
47,duo
48,better
49,fed
50,chess
51,bottle
52,slither
53,gleaming
54,hit
55,sir
56,slimy
57,smart
58,combed
59,repress
60,peanut
61,boom
62,squeak
63,stared
64,patrol
65,clothes
66,cake
67,wave
68,friend
69,plopped
70,epic
71,either
72,bite
73,trunk
74,laptop
75,darted
76,vital
77,rely
78,noon
79,sleepy
80,movie
81,angry
82,window
83,chose
84,gummy
85,full
86,known
87,sidekick
88,pocket
89,belle
90,sting
91,huge
92,suffer
93,stuff
94,project
95,else
96,ray
97,born
98,double
99,least
100,goofy
101,picture
102,dusk
103,jumping
104,watch
105,little
106,remember
107,prepare
108,mops
109,damp
110,ahoy
111,felt
112,travel
113,percent
114,thanks
115,from
116,dream
117,summer
118,cranky
119,afraid
120,dash
121,hunch
122,whine
123,carefully
124,career
125,rescue
126,skin
127,each
128,beans
129,would
130,disease
131,star
132,shade
133,child
134,shambles
135,trophy
136,began
137,ribs
138,space
139,taillight
140,theater
141,grew
142,forever
143,princess
144,quicken
145,null
146,fine
147,freeze
148,piper
149,presence
150,athlete
151,gradual
152,bedlam
153,gargantuan
154,gimmick
155,monopolize
156,target
157,ferocious
158,shortfall
159,salsa
160,flannel
161,water
162,angora
163,frequently
164,cowlick
165,chaotic
166,cucumber
167,marathon
168,snippet
169,permission
170,opinionated
171,shrimp
172,McMansion
173,omission
174,ascribe
175,towel
176,slogan
177,mandate
178,janitor
179,newbie
180,hodgepodge
181,sundae
182,triumphant
183,turret
184,lionize
185,spreadsheet
186,verbiage
187,ornament
188,parenthetic
189,pigeon
190,headdress
191,badger
192,nephew
193,rooster
194,listener
195,satellite
196,ludicrous
197,fortification
198,imbibe
199,scold
200,guardian
201,parasite
202,pear
203,hydra
204,savvy
205,organza
206,dwindled
207,favorite
208,system
209,grouse
210,reckon
211,fragile
212,fraught
213,null
214,pedigree
215,manta
216,boorish
217,galaxy
218,sturdy
219,cascade
220,empty
221,astonish
222,tarmac
223,complaint
224,treadmill
225,dandelion
226,amulet
227,fashionista
228,iteration
229,curries
230,originate
231,famous
232,guess
233,stubble
234,nurture
235,tennis
236,forfend
237,pristine
238,magician
239,genius
240,volcano
241,grumbling
242,null
243,golden
244,carrot
245,nuance
246,forensics
247,garlic
248,eavesdrop
249,modesty
250,meteor
251,stencil
252,miraculous
253,hula
254,January
255,amphibian
256,distraught
257,penguin
258,trendy
259,reactionary
260,scruple
261,jealousy
262,freight
263,freckle
264,permafrost
265,muscular
266,moxie
267,remedial
268,honeybee
269,blooper
270,iceberg
271,drizzle
272,winnow
273,vouch
274,blemish
275,misconception
276,cactus
277,accurate
278,incentive
279,trivia
280,crumpet
281,lambkin
282,nationalism
283,studio
284,admirer
285,shoulder
286,blizzard
287,chowder
288,leeway
289,illusionist
290,emotional
291,zebra
292,squirm
293,sunflower
294,pilferer
295,genetic
296,chia
297,butterscotch
298,harmonious
299,lambasted
300,rollicking
301,levity
302,raspberry
303,apron
304,lawyer
305,volumetric
306,quart
307,moisture
308,bogus
309,beagle
310,valiant
311,flattery
312,lactose
313,toughness
314,recoup
315,kidney
316,purse
317,simmer
318,domineering
319,tasteless
320,bookworm
321,wistful
322,raisin
323,whisk
324,onion
325,astute
326,veteran
327,raven
328,trumpet
329,bathtub
330,abandon
331,turtle
332,erase
333,fructose
334,bias
335,fantastically
336,vault
337,Pinkerton
338,handcuffs
339,Amazon
340,lettuce
341,failure
342,junior
343,fortune
344,spinal
345,companion
346,shamrock
347,tolerable
348,hamlet
349,sluggard
350,demolition
351,panorama
352,Americana
353,mosquito
354,jubilant
355,thawed
356,mince
357,puzzles
358,lounge
359,gnash
360,calzone
361,uncle
362,bubbly
363,scumble
364,supper
365,knuckle
366,bawl
367,dawdle
368,graham
369,extinct
370,explosive
371,bribery
372,circle
373,mogul
374,headlong
375,jersey
376,cajole
377,glucose
378,respect
379,troll
380,timber
381,trapezoid
382,bauble
383,mower
384,introverted
385,kindred
386,medallion
387,dillydally
388,happenstance
389,campus
390,fuddy-duddy
391,tantrum
392,maximum
393,haggle
394,tussle
395,infant
396,pulley
397,science
398,clover
399,sword
400,inched
401,thunderbolt
402,Kodiak
403,cement
404,casino
405,mastiff
406,dimension
407,despicable
408,misinterpret
409,venomous
410,distinctive
411,cooperate
412,ugliness
413,elderly
414,twee
415,plaintiff
416,mister
417,merchandise
418,quack
419,amigo
420,holiday
421,mayhem
422,warning
423,gauntlet
424,spider
425,bestow
426,indigo
427,thicket
428,useful
429,apology
430,weather
431,gung ho
432,forage
433,gymnastics
434,difficult
435,carnival
436,twinge
437,umbrella
438,tooth
439,island
440,mischief
441,buffoonery
442,poncho
443,synthetic
444,dauntlessly
445,peacenik
446,talent
447,intellectual
448,hooligan
449,cloying
450,faucet
451,ounce
452,kiwi
453,tickled
454,decade
455,olive
456,scheme
457,memorandum
458,publish
459,domino
460,forbidden
461,truth
462,cough
463,bother
464,mutter
465,ignite
466,jumbo
467,balderdash
468,straw
469,missile
470,sedentary
471,legacy
472,mortal
473,infringe
474,hooves
475,munchkin
476,divine
477,splurge
478,bugaboo
479,interloper
480,shadow
481,banana
482,lexicon
483,neigh
484,standard
485,routine
486,meekness
487,furnace
488,bristle
489,cabbage
490,yearn
491,privacy
492,squall
493,foothills
494,daresay
495,erode
496,primatologist
497,decision
498,null
499,tongue
500,owlishly
501,formalize
502,voluntary
503,farfetched
504,omen
505,caterpillar
506,criminal
507,null
508,furious
509,linen
510,militant
511,wasp
512,recipient
513,anyway
514,wombat
515,piratical
516,civics
517,kudos
518,strong
519,isolation
520,marginalize
521,pigsty
522,locker
523,alpha
524,canteen
525,measly
526,swipe
527,misery
528,jabberwocky
529,shebang
530,aviation
531,apprehensive
532,eternity
533,months
534,detention
535,tibia
536,lucky
537,zither
538,imagery
539,guffaw
540,sparkle
541,hazelnut
542,rocket
543,lamentable
544,pastel
545,caravan
546,calico
547,votive
548,reflect
549,brilliant
550,twice
551,culinary
552,theme
553,lantern
554,scent
555,competitive
556,megahertz
557,boycott
558,literacy
559,loathe
560,sofa
561,webisode
562,dough
563,tiger
564,selfie
565,axle
566,eggplant
567,kangaroo
568,emperor
569,romaine
570,skydiving
571,glimmer
572,kosher
573,Romeo
574,utterable
575,migraine
576,memes
577,vacation
578,minority
579,emerge
580,leniency
581,oasis
582,nuggets
583,napkin
584,default
585,twitchy
586,frivolous
587,navigator
588,frailty
589,overrun
590,heroic
591,arrogant
592,potato
593,humane
594,sweltering
595,yellowfin
596,bombard
597,normative
598,wholehearted
599,polenta
600,scrounge
601,clodhopper
602,furtive
603,homework
604,metadata
605,delicacy
606,praise
607,crayon
608,journal
609,mildew
610,farewell
611,noggin
612,scripture
613,bakery
614,tulip
615,pattern
616,hypnotic
617,background
618,ulna
619,porridge
620,myself
621,coffee
622,jewel
623,thistle
624,fellowship
625,eyelet
626,marine
627,botch
628,tangible
629,***althorn
630,amass
631,yeti
632,cloudy
633,receptacle
634,nourish
635,Spaniel
636,missive
637,groove
638,cricket
639,bagpipe
640,vulpine
641,kilt
642,jitterbug
643,estimate
644,motto
645,bonfire
646,aloha
647,whirlybird
648,kennel
649,cattail
650,torch
651,abruptly
652,entrance
653,Hungary
654,heavenly
655,paraphrase
656,pamper
657,bushel
658,kindergarten
659,welding
660,shindig
661,heartthrob
662,pleasant
663,skedaddle
664,restaurant
665,aforesaid
666,melody
667,cheek
668,robin
669,toddler
670,functionary
671,varnish
672,membership
673,daughter
674,historical
675,everglades
676,dodge
677,spindle
678,oblong
679,laser
680,rules
681,pellet
682,iota
683,wheedle
684,yammer
685,invoke
686,geometric
687,klutz
688,gelato
689,whelp
690,whereas
691,upshot
692,villa
693,envoy
694,hankering
695,yonder
696,coercive
697,climate
698,midriff
699,postpone
700,esteem
701,riffraff
702,bailiff
703,Yankee
704,teaspoon
705,wafer
706,knack
707,restive
708,infiltrate
709,dim sum
710,worrywart
711,software
712,satisfactory
713,various
714,skirmish
715,moose
716,developer
717,factoid
718,barefoot
719,giggle
720,constituent
721,cuckoo
722,shopaholic
723,marvelous
724,trope
725,bowie
726,flounder
727,dilemma
728,magma
729,null
730,knock
731,teemed
732,cleave
733,outrageous
734,briefcase
735,evince
736,whittle
737,soppiness
738,millionaire
739,silver
740,deputy
741,season
742,joyful
743,bask
744,concrete
745,fedora
746,mangrove
747,horizon
748,genuine
749,lateral
750,slurry
751,wildcat
752,enfranchise
753,arborio
754,recluse
755,usher
756,heiress
757,monstrosity
758,kiln
759,cartoon
760,shield
761,prone
762,reign
763,spectral
764,tawny
765,contraction
766,camcorder
767,groom
768,peat
769,dialect
770,scalp
771,scooter
772,gossip
773,trice
774,harrowing
775,heist
776,scrapple
777,acceptance
778,version
779,brick
780,hobble
781,avenue
782,nominee
783,rugby
784,fluid
785,privet
786,peddle
787,pending
788,martial
789,shore
790,vlogging
791,debunk
792,effortless
793,ewe
794,acumen
795,yippee
796,diversity
797,ballad
798,moped
799,stagestruck
800,infirm
801,wand
802,spangled
803,chide
804,groats
805,standee
806,bleary
807,Merlin
808,barbie
809,atonement
810,Highlands
811,sailage
812,attitude
813,carnation
814,delta
815,citation
816,yoo-hoo
817,beseech
818,neaten
819,handyman
820,hardtack
821,profiteer
822,sunseeker
823,depose
824,stewardship
825,rabid
826,kernel
827,cornily
828,frock
829,gruel
830,teenagers
831,antsy
832,null
833,bracelet
834,cruel
835,dolce
836,ancestors
837,hover
838,mention
839,inwardly
840,schedule
841,opus
842,convulsive
843,billow
844,spoken
845,mobility
846,goblins
847,pedestrian
848,jasper
849,posh
850,record
851,eddy
852,splutter
853,snorkels
854,berth
855,Canada
856,bridge
857,fanged
858,convince
859,lullaby
860,deference
861,toga
862,pinpoint
863,bough
864,grateful
865,FORTRAN
866,detergent
867,bison
868,wisdom
869,listlessly
870,gesture
871,tangents
872,sheathed
873,strum
874,slate
875,cautioned
876,formation
877,expression
878,mantle
879,dangerous
880,drape
881,flurry
882,previous
883,violin
884,streamlet
885,pluck
886,countless
887,glisten
888,imposing
889,binary
890,strait
891,squid
892,hideout
893,accuse
894,complicated
895,semicolon
896,congratulate
897,Frisbee
898,ruins
899,drowsy
900,unnoticed
901,patent
902,fountain
903,teeter
904,Mexico
905,scoff
906,agreement
907,incantations
908,curtly
909,chives
910,glazed
911,opposite
912,dappled
913,treble
914,garish
915,rallies
916,scanner
917,instrument
918,rustle
919,Baltic
920,gilded
921,pastry
922,oncoming
923,blissfully
924,chef
925,ventured
926,contingent
927,coveralls
928,flimsy
929,coarse
930,crease
931,deities
932,swerve
933,ponytail
934,launch
935,activists
936,whales
937,feta
938,president
939,clatter
940,rubble
941,commute
942,mislead
943,proverb
944,depths
945,snout
946,tourists
947,cocoa
948,subtitles
949,indecipherable
950,Oregon
951,tumbling
952,laughter
953,nutrients
954,fragment
955,podium
956,purpose
957,cradle
958,window
959,scarcely
960,retreat
961,terraced
962,firefly
963,meeting
964,stretcher
965,implore
966,Aztec
967,serious
968,plush
969,lairs
970,lento
971,laboratory
972,banners
973,helmet
974,hybrid
975,Scandinavia
976,sinister
977,humor
978,whimper
979,mustard
980,haggis
981,runes
982,hexagonal
983,unabated
984,beaucoup
985,endorphin
986,cinnamon
987,abrogate
988,litmus
989,petrifying
990,banal
991,pharmacy
992,pharaoh
993,effusive
994,seethe
995,specimen
996,seismologist
997,fondant
998,opponency
999,primitive
1000,antiquarian
1001,interlocutor
1002,spectacles
1003,cupola
1004,referendum
1005,fabulist
1006,phalanges
1007,machete
1008,innovator
1009,herbaceous
1010,quaver
1011,comportment
1012,bachelorette
1013,dulcet
1014,bursary
1015,tentativeness
1016,rabbinic
1017,taciturn
1018,frontier
1019,salubrious
1020,hallowed
1021,pachinko
1022,lapel
1023,sophomoric
1024,unctuous
1025,rotisserie
1026,apogee
1027,decrepitude
1028,mackerel
1029,laureate
1030,fluoride
1031,**paneer
1032,hiatus
1033,redux
1034,callow
1035,Goliath
1036,moorage
1037,null
1038,freesia
1039,dramaturgy
1040,biscuit
1041,splenetic
1042,Minotaur
1043,omnibus
1044,exoneration
1045,murmuration
1046,flourish
1047,legato
1048,intermezzo
1049,biscotti
1050,duvet
1051,Clydesdale
1052,beatific
1053,slovenly
1054,edification
1055,calibrate
1056,turpitude
1057,phonics
1058,repository
1059,aerobics
1060,vacuousness
1061,appellation
1062,platitude
1063,calisthenics
1064,dissipate
1065,paisley
1066,epilepsy
1067,duodenum
1068,nobiliary
1069,obediential
1070,accomplice
1071,contrariwise
1072,importunate
1073,valorous
1074,commerce
1075,odiferous
1076,kerchief
1077,petroleum
1078,recuperation
1079,null
1080,keratitis
1081,combination
1082,whimsical
1083,regalia
1084,citronella
1085,isotopic
1086,honorific
1087,torrent
1088,stamina
1089,incinerate
1090,palliative
1091,carpal
1092,null
1093,arsenic
1094,criteria
1095,flagon
1096,abhorrence
1097,quizzical
1098,kookaburra
1099,invertebrate
1100,reprieve
1101,incoherent
1102,personnel
1103,heliotrope
1104,napoleon
1105,**bandanna
1106,consequent
1107,tercentenary
1108,vexatious
1109,squander
1110,superlative
1111,null
1112,contusion
1113,vituperative
1114,faux
1115,prenuptial
1116,oxygenate
1117,manipulable
1118,mulligan
1119,churlish
1120,sophisticated
1121,succulent
1122,annihilate
1123,axiomatic
1124,sabermetrics
1125,riviera
1126,nebulous
1127,bedraggled
1128,sarcophagus
1129,indefatigable
1130,elocution
1131,laconic
1132,genus
1133,rectitude
1134,surrogate
1135,ulterior
1136,dowager
1137,excision
1138,legionnaire
1139,uranium
1140,terabyte
1141,oligarchy
1142,comparison
1143,emblazoned
1144,sternutation
1145,inundate
1146,uncouth
1147,pianola
1148,diaphanous
1149,bric-a-brac
1150,subcutaneous
1151,wunderkind
1152,onerous
1153,dignify
1154,agoraphobia
1155,longitude
1156,alacrity
1157,filial
1158,macrocosm
1159,allegiance
1160,buffet
1161,maverick
1162,choreographer
1163,wearisome
1164,bulbous
1165,basaltic
1166,tortoise
1167,retrograde
1168,leguminous
1169,visage
1170,umpirage
1171,scorpion
1172,surmountable
1173,partridge
1174,ceramics
1175,fascinator
1176,heredity
1177,planetarium
1178,endure
1179,insignia
1180,mimetic
1181,testimony
1182,philharmonic
1183,ecstatic
1184,bonobo
1185,binomial
1186,luminance
1187,demographics
1188,lupine
1189,ingenuous
1190,chancellor
1191,trefoil
1192,adjective
1193,Jurassic
1194,resuscitate
1195,phonetician
1196,pauper
1197,designer
1198,elucidate
1199,myoglobin
1200,approbatory
1201,macular
1202,epoch
1203,leisure
1204,spatula
1205,frugal
1206,catalepsy
1207,simpatico
1208,dumbwaiter
1209,vague
1210,triglycerides
1211,achromatic
1212,labyrinthine
1213,adhesion
1214,allergenic
1215,wharf
1216,stalwart
1217,miscible
1218,notoriety
1219,rennet
1220,vocabulary
1221,altercation
1222,bumptious
1223,soprano
1224,subterranean
1225,pinnacle
1226,vassal
1227,fratority
1228,farcical
1229,cutis
1230,aubergine
1231,avalanche
1232,panary
1233,cataclysmic
1234,ghastly
1235,hyrax
1236,jalapeño
1237,cadge
1238,tangerine
1239,metatarsal
1240,parkour
1241,truncheon
1242,attributive
1243,exodus
1244,pervasive
1245,bereavement
1246,fealty
1247,educand
1248,plutonomy
1249,philosophize
1250,haphazard
1251,carbohydrates
1252,perilous
1253,Realtor
1254,lobotomy
1255,Requiem
1256,legislature
1257,sesame
1258,steroid
1259,billabong
1260,assumption
1261,glitterati
1262,shenanigans
1263,palatable
1264,gullibility
1265,bariatrics
1266,entrepreneur
1267,transference
1268,inclusion
1269,gratis
1270,tarantula
1271,throughout
1272,besieged
1273,uveal
1274,physicists
1275,nonvolatile
1276,cantankerous
1277,propulsion
1278,placoderm
1279,candelabrum
1280,tempura
1281,juvenilia
1282,vitriolic
1283,assailant
1284,hermitage
1285,vacillate
1286,reggae
1287,fomentation
1288,crinoline
1289,charioteer
1290,permutation
1291,phenotype
1292,futility
1293,reprisal
1294,debris
1295,solicit
1296,conference
1297,transposable
1298,untenable
1299,astrobleme
1300,armaments
1301,melismatic
1302,woebegone
1303,thrasonical
1304,feudalism
1305,sabotage
1306,versatile
1307,spurious
1308,resplendence
1309,trepanation
1310,malevolent
1311,absolution
1312,subtlety
1313,tempeh
1314,aphasia
1315,Holstein
1316,posada
1317,rutabaga
1318,hangar
1319,statistician
1320,environs
1321,quadrillion
1322,acquiesce
1323,espousal
1324,verbena
1325,ibuprofen
1326,celebratory
1327,tardigrade
1328,apothecary
1329,virulence
1330,zirconium
1331,injurious
1332,cornucopia
1333,varsity
1334,summary
1335,allocable
1336,ventriloquy
1337,anglophile
1338,prominent
1339,scholarship
1340,brogue
1341,effraction
1342,circumflex
1343,defiant
1344,archetype
1345,filbert
1346,suet
1347,limousine
1348,calligram
1349,substitute
1350,travails
1351,Galahad
1352,koto
1353,drupiferous
1354,eczema
1355,quiddity
1356,antipathy
1357,jadeite
1358,jingoism
1359,organelle
1360,theomachy
1361,karst
1362,leviathan
1363,peripheral
1364,satchel
1365,osprey
1366,fibula
1367,Brigadoon
1368,alpaca
1369,elevator
1370,evanescent
1371,elusive
1372,aberration
1373,vestibule
1374,duress
1375,chaperonage
1376,diverge
1377,disproportionate
1378,necrotic
1379,ballyhooed
1380,eucalyptus
1381,frittata
1382,exemplar
1383,cayenne
1384,eminent
1385,arpeggio
1386,rambunctious
1387,vandalize
1388,marsupial
1389,tabernacle
1390,phosphorescent
1391,beguile
1392,temerity
1393,impasto
1394,bifurcate
1395,deglaciation
1396,anxiety
1397,centenary
1398,egress
1399,antagonistic
1400,drivel
1401,recruit
1402,conch
1403,matrimony
1404,geocaching
1405,affront
1406,jettison
1407,tableau
1408,singultus
1409,errata
1410,instigate
1411,element
1412,Promethean
1413,sheldrake
1414,impromptu
1415,stipulate
1416,obscure
1417,desolate
1418,embassy
1419,suitable
1420,oracle
1421,naïveté
1422,transcription
1423,truncate
1424,contemptuous
1425,cenotaph
1426,condemn
1427,null
1428,muchacha
1429,pedicure
1430,okapi
1431,Plumeria
1432,scenographer
1433,cadence
1434,steppe
1435,**caftan
1436,welterweight
1437,perpetrator
1438,neuroticism
1439,fido
1440,palpitant
1441,null
1442,scrooge
1443,cinematic
1444,cannoli
1445,vehicular
1446,nonchalance
1447,ingratiate
1448,morose
1449,wallaby
1450,platoon
1451,sabbatical
1452,realm
1453,sousaphone
1454,osmosis
1455,contrivance
1456,solstice
1457,ermine
1458,estuary
1459,amalgam
1460,flimflammer
1461,suffrage
1462,swannery
1463,pugilist
1464,technician
1465,carnage
1466,astringent
1467,thyme
1468,probative
1469,tapioca
1470,dietetic
1471,turmeric
1472,mademoiselle
1473,phlebotomy
1474,oblique
1475,festooned
1476,homage
1477,zoolatry
1478,nouveau
1479,anemic
1480,buoyancy
1481,tectonic
1482,cumulus
1483,ricochet
1484,heterochromia
1485,null
1486,situation
1487,wizened
1488,essential
1489,hackneyed
1490,consul
1491,depravity
1492,lumbar
1493,tomfoolery
1494,seraphic
1495,vespertine
1496,hermetically
1497,effervescent
1498,topiary
1499,harrumph
1500,cameist
1501,**brusque
1502,excursion
1503,soirée
1504,reverberant
1505,embezzlement
1506,scrumptiously
1507,null
1508,dreadlocks
1509,null
1510,yeanling
1511,fallacy
1512,toploftical
1513,erstwhile
1514,theriatrics
1515,churros
1516,homicide
1517,asylum
1518,noctambulist
1519,lolled
1520,cumbersome
1521,diadem
1522,graphologist
1523,remuneration
1524,visibility
1525,osteopath
1526,affluent
1527,larceny
1528,principality
1529,expostulate
1530,ligament
1531,kaiser
1532,chastise
1533,acetaminophen
1534,Nostradamus
1535,integument
1536,plenitude
1537,imperious
1538,colic
1539,parochial
1540,taxonomic
1541,Hebrides
1542,illustrious
1543,Egyptian
1544,atomic
1545,earnestly
1546,beret
1547,macaw
1548,symmetrical
1549,foible
1550,fêng shui
1551,**gaffe
1552,talisman
1553,perspicacious
1554,pendulous
1555,lousicide
1556,acuity
1557,null
1558,impecunious
1559,reimbursable
1560,analepsis
1561,ewer
1562,subliminal
1563,ostensibly
1564,reciprocity
1565,jambalaya
1566,mitigative
1567,curfew
1568,charismatic
1569,nervily
1570,molecule
1571,geriatric
1572,pyrite
1573,schism
1574,phoenix
1575,gingivitis
1576,millennial
1577,striation
1578,sacrifice
1579,dilapidated
1580,bastion
1581,patience
1582,ineffable
1583,Appaloosa
1584,consternation
1585,peony
1586,edamame
1587,quittance
1588,abnegation
1589,ramifications
1590,escalator
1591,urgency
1592,porcelain
1593,tenement
1594,soothsayer
1595,veracity
1596,vignette
1597,facade
1598,remorseful
1599,adieu
1600,varicose
1601,marionette
1602,adjudicate
1603,null
1604,cybernetics
1605,tenaciously
1606,adage
1607,Neapolitan
1608,caricature
1609,evaporation
1610,garniture
1611,indemnity
1612,cicada
1613,chintzy
1614,emerald
1615,bittern
1616,twilight
1617,cyanosis
1618,mauve
1619,genteel
1620,liege
1621,flotsam
1622,proletarian
1623,regurgitate
1624,emeritus
1625,requisition
1626,wilco
1627,discombobulate
1628,vantage
1629,stegosaur
1630,suture
1631,stimuli
1632,germane
1633,scrutiny
1634,discountenance
1635,statuesque
1636,obfuscate
1637,schooner
1638,bacteriolytic
1639,concatenate
1640,stupefy
1641,nectarine
1642,casualty
1643,declamatory
1644,rhododendron
1645,impeachable
1646,irrevocable
1647,galvanize
1648,perseverance
1649,embryo
1650,ineptitude
1651,residue
1652,trellis
1653,agonistic
1654,apparatus
1655,languorous
1656,academese
1657,halibut
1658,juxtapose
1659,rosin
1660,myopic
1661,stevia
1662,registrar
1663,spectrometer
1664,hydrangea
1665,burial
1666,ebullience
1667,phycology
1668,alma mater
1669,circadian
1670,slalom
1671,bulwark
1672,clairvoyance
1673,malaise
1674,comedienne
1675,servitude
1676,corollary
1677,iridescent
1678,impetus
1679,staid
1680,cutaneous
1681,traverse
1682,étude
1683,quince
1684,affianced
1685,acerbity
1686,gnarled
1687,tungsten
1688,cranium
1689,cyclone
1690,archaism
1691,inimical
1692,hydroponic
1693,vineyard
1694,equivalent
1695,usurper
1696,commodious
1697,kaleidoscope
1698,combustible
1699,interrogative
1700,portentous
1701,phraseology
1702,austere
1703,gluttonous
1704,factorial
1705,scullery
1706,nepotism
1707,caramel
1708,severance
1709,gypsum
1710,dolma
1711,tiramisu
1712,truffle
1713,pecuniary
1714,financier
1715,polypeptide
1716,sapphire
1717,exaggerate
1718,varicella
1719,cornea
1720,wildebeest
1721,wushu
1722,prevenient
1723,enoki
1724,tonsillitis
1725,resilience
1726,asado
1727,contradictory
1728,Edenic
1729,profundity
1730,thoracic
1731,apiary
1732,limpa
1733,penitentiary
1734,tributary
1735,mantra
1736,proviso
1737,ronin
1738,adolescence
1739,umbrage
1740,laudatory
1741,escarole
1742,netiquette
1743,tropical
1744,menagerie
1745,crustaceans
1746,jitney
1747,nanotechnology
1748,paucity
1749,pontiff
1750,hallucinate
1751,bubonic
1752,wattage
1753,bureau
1754,doldrums
1755,omniscient
1756,opprobrious
1757,sartorial
1758,papillon
1759,burglarious
1760,slumgullion
1761,capacity
1762,nocturnal
1763,escarpment
1764,vertigo
1765,cryptozoa
1766,valedictorian
1767,sewage
1768,redolent
1769,Celsius
1770,accumulate
1771,preponderance
1772,auspices
1773,epoxy
1774,vendage
1775,dialysis
1776,deltoidal
1777,bruxism
1778,elaborative
1779,discreetly
1780,entente
1781,humidistat
1782,opulent
1783,psychoanalysis
1784,proprietary
1785,sieve
1786,boomslang
1787,sardonic
1788,paramecium
1789,calendar
1790,**nascent
1791,trounce
1792,circuitous
1793,braille
1794,monochrome
1795,reiterate
1796,null
1797,hydrophobia
1798,ingot
1799,brethren
1800,inclement
1801,justiciable
1802,pageantry
1803,sandal
1804,nubuck
1805,tympanum
1806,celery
1807,vernal
1808,vinegar
1809,pashmina
1810,jocularity
1811,fisticuffs
1812,idiosyncratic
1813,aardvark
1814,fiduciary
1815,utilitarian
1816,unfurl
1817,propinquity
1818,burgoo
1819,census
1820,emulsify
1821,millivolt
1822,calculator
1823,epidermis
1824,occupancy
1825,stagflation
1826,lorikeet
1827,herringbone
1828,corduroy
1829,carriage
1830,coriander
1831,brontophobia
1832,malfeasance
1833,orchestra
1834,encore
1835,abstemious
1836,amnesty
1837,macrobiotics
1838,sequential
1839,phlox
1840,hollyhock
1841,echinoderm
1842,condensation
1843,glareous
1844,intersperse
1845,tractability
1846,qualms
1847,optimum
1848,aqueduct
1849,rejuvenate
1850,numerology
1851,montage
1852,mosaic
1853,pathogen
1854,ferret
1855,tubular
1856,Paleozoic
1857,compendium
1858,centipede
1859,acrostic
1860,widdershins
1861,dodecahedron
1862,funnel
1863,unmoored
1864,attendee
1865,anthropology
1866,hostile
1867,rictus
1868,syndicate
1869,yardang
1870,nomenclature
1871,cruciferous
1872,subsequent
1873,vengeance
1874,chrysalis
1875,fluctuation
1876,botany
1877,macchiato
1878,whet
1879,modular
1880,bethesda
1881,flabbergast
1882,Holocaust
1883,ancillary
1884,blatant
1885,kleptocrat
1886,cartilage
1887,accolade
1888,augment
1889,toile
1890,pyramid
1891,neuropathy
1892,coeval
1893,connivery
1894,acoustic
1895,plaudits
1896,terminus
1897,surrealist
1898,curio
1899,impresario
1900,eruption
1901,serenade
1902,agitation
1903,secession
1904,ombudsman
1905,bruschetta
1906,auburn
1907,heptad
1908,tremulous
1909,digression
1910,hydrant
1911,dictum
1912,virtually
1913,engineer
1914,scythe
1915,intricate
1916,zeppelin
1917,premonition
1918,glissando
1919,pilcrow
1920,duplicitous
1921,annotate
1922,superficiality
1923,stereotypical
1924,stomach
1925,porosity
1926,protectorate
1927,vehemence
1928,marooned
1929,bergamot
1930,demonstrative
1931,tandoori
1932,placards
1933,fervorous
1934,**volary
1935,telepathic
1936,megalomaniac
1937,succumb
1938,corral
1939,septennial
1940,null
1941,banquet
1942,posse
1943,fervently
1944,credulity
1945,hypotenuse
1946,follicle
1947,upbraid
1948,declension
1949,divestiture
1950,dissonance
1951,emancipatory
1952,brochure
1953,pancreas
1954,berserk
1955,roseola
1956,shoji
1957,supine
1958,grotesqueness
1959,expunge
1960,cathedral
1961,installation
1962,auditorium
1963,fracas
1964,privatim
1965,maize
1966,deciduous
1967,harbinger
1968,reconcilable
1969,disrepair
1970,eradicate
1971,metastasize
1972,baleen
1973,raptatorial
1974,evaluate
1975,photogenic
1976,krypton
1977,quintessential
1978,Einstein
1979,sobriety
1980,mastodon
1981,rehearsal
1982,ethanol
1983,pollutant
1984,municipal
1985,manumit
1986,denticulate
1987,irritability
1988,quadriceps
1989,brouhaha
1990,adversaria
1991,dentifrice
1992,supplicate
1993,vainglorious
1994,tachycardia
1995,pedantry
1996,turbinado
1997,collegiality
1998,torsion
1999,ataxia
2000,triceratops
2001,performance
2002,equivocate
2003,mahogany
2004,documentary
2005,capillary
2006,flambé
2007,clemency
2008,fission
2009,moribund
2010,bromide
2011,disposition
2012,patronymic
2013,backgammon
2014,boondoggle
2015,recriminatory
2016,algae
2017,remonstrance
2018,odometer
2019,intuitable
2020,phylum
2021,subaqueous
2022,reminiscent
2023,smithereens
2024,uvula
2025,divvy
2026,hypochondria
2027,recusancy
2028,menial
2029,curator
2030,enumerated
2031,fatuously
2032,obstetrician
2033,retrocedence
2034,Moroccan
2035,judicious
2036,desertification
2037,fraudulent
2038,replete
2039,cauterize
2040,clearance
2041,vice versa
2042,quirky
2043,necessity
2044,raucous
2045,immolate
2046,assure
2047,exercise
2048,arraign
2049,piety
2050,Brandywine
2051,résumé
2052,compatriots
2053,civet
2054,elegant
2055,veritable
2056,surreptitious
2057,extensive
2058,liaise
2059,pancetta
2060,minacious
2061,sashay
2062,surplus
2063,transcend
2064,quotidian
2065,waiver
2066,vindictive
2067,sciatica
2068,impediment
2069,freneticism
2070,matriculation
2071,decennial
2072,implacable
2073,discomfiture
2074,revenant
2075,merino
2076,revulsive
2077,dynamite
2078,logarithmic
2079,emphysema
2080,topgallant
2081,pestilence
2082,gaucho
2083,Gemini
2084,regicide
2085,stridency
2086,clandestine
2087,mordant
2088,capsule
2089,retinol
2090,hubris
2091,acetone
2092,genealogical
2093,posthumous
2094,tragedian
2095,corpulent
2096,hibernaculum
2097,cerebellum
2098,pomposity
2099,QWERTY
2100,fajitas
2101,potpourri
2102,bandicoot
2103,pantomime
2104,neonatology
2105,foosball
2106,felonious
2107,pallor
2108,malinger
2109,prima donna
2110,pituitary
2111,accentuate
2112,palatial
2113,Yorkshire
2114,parliamentary
2115,praxis
2116,fleetness
2117,ascension
2118,Mecca
2119,Belgravia
2120,rebarbative
2121,Tinseltown
2122,anonymity
2123,venue
2124,albeit
2125,casserole
2126,olympiad
2127,sorrel
2128,carcinogenic
2129,microfiche
2130,vermicide
2131,semester
2132,crocodile
2133,McCoy
2134,detritus
2135,quadrilateral
2136,echelon
2137,sacrament
2138,venerable
2139,histrionics
2140,anorak
2141,turpentine
2142,supremacy
2143,terra-cotta
2144,chemise
2145,cashier
2146,enviable
2147,cellophane
2148,clowder
2149,moratorium
2150,campanology
2151,polysemy
2152,extrapolate
2153,indulgent
2154,occultation
2155,cognizant
2156,persuasible
2157,stampede
2158,extinguish
2159,occipital
2160,Chihuahua
2161,null
2162,desultorily
2163,forfeit
2164,pilaster
2165,predicament
2166,promontory
2167,languish
2168,papyrus
2169,armadillo
2170,perceptible
2171,provincial
2172,shar-pei
2173,protuberant
2174,El Niño
2175,overweening
2176,dystopia
2177,antithesis
2178,narcoleptic
2179,chortle
2180,anchorage
2181,sacrosanct
2182,muesli
2183,gouge
2184,efface
2185,unscathed
2186,conundrum
2187,syringe
2188,crux
2189,salivate
2190,sycophant
2191,raclette
2192,debilitate
2193,eclipse
2194,wordmonger
2195,laity
2196,bellwether
2197,superstitious
2198,mittimus
2199,espadrille
2200,wobbulator
2201,indolent
2202,clarinet
2203,mawkish
2204,mellifluous
2205,corgi
2206,caffeine
2207,jimberjawed
2208,syllabus
2209,arithmetic
2210,olfactory
2211,pliant
2212,panacea
2213,toilsome
2214,animus
2215,depredation
2216,en masse
2217,billiards
2218,cabaret
2219,tempestuous
2220,trillium
2221,ignominious
2222,stroganoff
2223,obstreperous
2224,froufrou
2225,univocal
2226,Dalmatian
2227,auction
2228,procrastinate
2229,frabjous
2230,eschew
2231,avarice
2232,ufology
2233,assiduous
2234,purification
2235,spiracle
2236,ventricle
2237,bouclé
2238,cholera
2239,diligence
2240,plantain
2241,Formica
2242,inducement
2243,null
2244,**minuscule
2245,bodega
2246,aperture
2247,Mylar
2248,vanguard
2249,thoroughbred
2250,null
2251,bona fide
2252,rhythmically
2253,rustication
2254,portrait
2255,potassium
2256,jeepney
2257,gustatory
2258,shazam
2259,globular
2260,tepidity
2261,peculate
2262,volucrine
2263,obliterate
2264,bountiful
2265,stellular
2266,meridian
2267,treatise
2268,populace
2269,legalese
2270,pantheon
2271,akimbo
2272,spontaneity
2273,undergird
2274,vetiver
2275,rudiments
2276,marimba
2277,derisive
2278,platinum
2279,oompah
2280,parameters
2281,monitory
2282,conduit
2283,ineluctable
2284,nonnegotiable
2285,adulation
2286,inflammable
2287,equilibrium
2288,bravado
2289,eerily
2290,disparate
2291,minutia
2292,pyrotechnics
2293,roustabout
2294,beneficent
2295,funambulist
2296,artifice
2297,anticipatory
2298,mollify
2299,trifle
2300,indict
2301,apotheosis
2302,cymbals
2303,chinook
2304,cohesive
2305,ambrosial
2306,epitome
2307,entrée
2308,nucleated
2309,indigent
2310,stigmata
2311,simultaneity
2312,annulment
2313,homeostasis
2314,exorbitant
2315,merganser
2316,prolix
2317,gastronome
2318,vegetarian
2319,calamari
2320,reparations
2321,sternum
2322,mitochondria
2323,epithet
2324,surimi
2325,prehensile
2326,constabulary
2327,par excellence
2328,onomatopoeia
2329,encroach
2330,besmirch
2331,somatotype
2332,speculate
2333,thwartwise
2334,lavender
2335,acacia
2336,trespass
2337,bizarro
2338,stratosphere
2339,tae kwon do
2340,tensile
2341,tetanus
2342,commandeer
2343,dissemble
2344,noxious
2345,fenestrated
2346,gaudery
2347,scarlatina
2348,bonsai
2349,gallant
2350,arbitrary
2351,lugubrious
2352,luxuriate
2353,ciao
2354,university
2355,intensify
2356,quasar
2357,isosceles
2358,cavalcade
2359,genome
2360,celestial
2361,hurriedly
2362,Podunk
2363,hoity-toity
2364,gladiatorial
2365,inviolable
2366,preposterous
2367,corrosive
2368,seize
2369,Mesopotamian
2370,machination
2371,contrite
2372,extant
2373,afghan
2374,pathos
2375,Muzak
2376,pugnacious
2377,patrician
2378,cogently
2379,odontiasis
2380,equinox
2381,vicinity
2382,peruse
2383,enervate
2384,auricular
2385,stratification
2386,prosperous
2387,merely
2388,alluvial
2389,turophile
2390,settee
2391,tomahawk
2392,sclerosis
2393,abominable
2394,epicurean
2395,Patagonia
2396,legitimately
2397,artesian
2398,ablaut
2399,procedure
2400,derelict
2401,vanquish
2402,inoculate
2403,mendacious
2404,anabolic
2405,limpid
2406,revelation
2407,ectoplasm
2408,heleoplankton
2409,gubernatorial
2410,pungent
2411,pagoda
2412,ottoman
2413,fiscal
2414,epitaphs
2415,multivalent
2416,mandrill
2417,establishment
2418,logographic
2419,oblige
2420,solitaire
2421,artillery
2422,gibbous
2423,ruminate
2424,armistice
2425,viscount
2426,dishevel
2427,quotient
2428,extracurricular
2429,sympathy
2430,cryogenic
2431,plague
2432,Limburger
2433,ricotta
2434,punctuation
2435,puniness
2436,catalyst
2437,preferential
2438,tuffet
2439,guttural
2440,nautilus
2441,lingua franca
2442,thespian
2443,bazooka
2444,epact
2445,atrocious
2446,thievery
2447,triforium
2448,submersible
2449,complacency
2450,abstruse
2451,vivacious
2452,dragoon
2453,**déjà vu
2454,extemporaneous
2455,kraken
2456,nephrolith
2457,xenoglossy
2458,yuzu
2459,null
2460,ungetatable
2461,stanzaic
2462,adipose
2463,smorgasbord
2464,ritziness
2465,calabash
2466,unilaterally
2467,putrescent
2468,quorum
2469,electrode
2470,gazette
2471,**chute
2472,ordinance
2473,nostalgia
2474,pharynx
2475,sporadically
2476,continuum
2477,null
2478,ursine
2479,dechlorinate
2480,epistolary
2481,sudation
2482,pachyderm
2483,impermeable
2484,arduous
2485,unconscionable
2486,pursuit
2487,cytoplasm
2488,symposium
2489,trepidation
2490,carnitas
2491,Pembroke
2492,esoteric
2493,affectionately
2494,floribunda
2495,collision
2496,bulgogi
2497,liquefaction
2498,grapheme
2499,Pulitzer
2500,salience
2501,scarab
2502,fibromyalgia
2503,palazzo
2504,trigonometry
2505,vitreous
2506,molasses
2507,veganism
2508,terrier
2509,miasma
2510,alloy
2511,wraith
2512,classical
2513,humerus
2514,captivated
2515,concoct
2516,Belgium
2517,insulin
2518,fungible
2519,vagabonds
2520,onus
2521,modicum
2522,audacious
2523,phlegmatic
2524,Gothamite
2525,variegated
2526,precursor
2527,javelin
2528,exasperate
2529,spasmodic
2530,affable
2531,volition
2532,mochi
2533,spoonerism
2534,Mandarin
2535,bouquet
2536,dopamine
2537,gossamer
2538,feign
2539,complicit
2540,Kelvin
2541,denizen
2542,pitiful
2543,vincible
2544,dementia
2545,gyrocopter
2546,vellum
2547,duopoly
2548,ammunition
2549,factitious
2550,voilà
2551,**medieval
2552,enunciate
2553,alpinist
2554,pariah
2555,sculpture
2556,null
2557,null
2558,tarsier
2559,abracadabra
2560,prodigious
2561,annuity
2562,habanero
2563,licensure
2564,autodidact
2565,plethora
2566,denominator
2567,quid pro quo
2568,Francophone
2569,Herculean
2570,parable
2571,rappelled
2572,prorogue
2573,curmudgeon
2574,convivium
2575,pilgrimages
2576,rowan
2577,conceit
2578,fecund
2579,cushion
2580,atrium
2581,oriel
2582,tripartite
2583,tapas
2584,laceration
2585,tutelage
2586,italicization
2587,preeminent
2588,Bohemian
2589,sediment
2590,nexus
2591,domiciled
2592,preliminary
2593,alfresco
2594,succinct
2595,emulate
2596,decor
2597,theorem
2598,echoed
2599,loquacious
2600,inquietude
2601,caveat
2602,null
2603,accrual
2604,reticulated
2605,prosthetic
2606,compunction
2607,doubloons
2608,duchy
2609,grandeur
2610,authenticate
2611,latency
2612,decumbiture
2613,oscillation
2614,enzyme
2615,quandary
2616,ornithology
2617,sanctimonious
2618,racketeer
2619,Vatican
2620,dinero
2621,equanimity
2622,apropos
2623,peremptory
2624,solder
2625,fucoid
2626,comestibles
2627,thermos
2628,pessimum
2629,infarction
2630,interim
2631,parley
2632,stenographer
2633,acrylics
2634,amateurish
2635,cedar
2636,definiendum
2637,meningitis
2638,mezzanine
2639,imminent
2640,**intransigent
2641,udon
2642,***dandle
2643,nutation
2644,lozenge
2645,hieroglyphics
2646,null
2647,gourd
2648,effete
2649,nutria
2650,tedious
2651,oculus
2652,tyrannical
2653,verbatim
2654,Antigua
2655,sedge
2656,resonate
2657,dubiously
2658,pearlescent
2659,joule
2660,vaudeville
2661,capstan
2662,suspicion
2663,mariposa
2664,tautology
2665,niacin
2666,frisket
2667,vicarious
2668,repudiate
2669,teleology
2670,misconstrue
2671,courage
2672,brockage
2673,alate
2674,emporium
2675,bowyer
2676,sagacious
2677,arabesque
2678,malapropism
2679,victimology
2680,Victorian
2681,infatuation
2682,mammalian
2683,cylindrical
2684,pelf
2685,ibex
2686,forestallment
2687,abysmal
2688,tranquil
2689,tephra
2690,aqueous
2691,cudgel
2692,Iberian
2693,chambray
2694,behemoth
2695,lackadaisical
2696,Dianthus
2697,bicameral
2698,fluency
2699,rhombus
2700,equestrian
2701,silhouette
2702,olingo
2703,irrigation
2704,invective
2705,revendicate
2706,nominal
2707,dismal
2708,Halifax
2709,labradoodle
2710,occur
2711,jonquil
2712,draconian
2713,consortium
2714,concordance
2715,portico
2716,claustrophobia
2717,pensive
2718,trebuchet
2719,tuition
2720,huerta
2721,corsage
2722,idyllic
2723,quarantine
2724,ransom
2725,multifarious
2726,vascular
2727,smellfungus
2728,coralline
2729,schnitzel
2730,iambic
2731,unanimous
2732,wentletrap
2733,arboretum
2734,abhenry
2735,rialto
2736,monocle
2737,soporific
2738,serrated
2739,Zamboni
2740,chromosome
2741,delphinium
2742,apocalypse
2743,tupelo
2744,poblano
2745,blarney
2746,braggart
2747,obelisk
2748,cemetery
2749,cadaverous
2750,conclave
2751,diacritic
2752,relentlessly
2753,diurnal
2754,anticoagulant
2755,prowess
2756,Gregorian
2757,mephitic
2758,opalescence
2759,prejudice
2760,euro
2761,dromedary
2762,rebuff
2763,complementary
2764,polyglot
2765,bombastic
2766,Gouda
2767,squalid
2768,taverna
2769,Philistine
2770,velociraptor
2771,cistern
2772,endocrine
2773,tracheotomy
2774,illicitly
2775,dyspeptic
2776,puree
2777,exquisite
2778,presumptuous
2779,firmament
2780,cribbage
2781,inglorious
2782,manticore
2783,epsilon
2784,doubt
2785,paramountcy
2786,crith
2787,louche
2788,chronometer
2789,petroglyphs
2790,unkempt
2791,sultana
2792,Namibian
2793,avatar
2794,cherubic
2795,specious
2796,cursive
2797,agrarian
2798,tricenary
2799,grandiloquent
2800,wherewithal
2801,pumice
2802,binoculars
2803,collapsar
2804,triste
2805,armature
2806,inquisitor
2807,zodiac
2808,apportion
2809,exhibition
2810,interred
2811,maidenhair
2812,chemistry
2813,artery
2814,gurney
2815,ministrations
2816,legerity
2817,aureole
2818,spinosity
2819,demerits
2820,grande dame
2821,domesticity
2822,procurement
2823,Acadians
2824,prespinous
2825,diaspora
2826,verism
2827,episcopal
2828,cribo
2829,Gippsland
2830,cladistics
2831,pious
2832,dramatization
2833,consecrate
2834,colubrine
2835,froward
2836,gasiform
2837,borough
2838,nonconformist
2839,trituration
2840,immie
2841,ensconced
2842,valuator
2843,volatile
2844,château
2845,neoterism
2846,aretalogy
2847,cattalo
2848,deserter
2849,gnocchi
2850,erroneous
2851,interregnum
2852,sessile
2853,null
2854,jankers
2855,surety
2856,tam-o’-shanter
2857,viaticum
2858,du jour
2859,hypogeous
2860,Evactor
2861,pileus
2862,trillado
2863,homiletics
2864,lanceolate
2865,possessive
2866,fez
2867,per se
2868,psalmody
2869,bowsprit
2870,venial
2871,glengarry
2872,peradventure
2873,omnilegent
2874,Charon
2875,seton
2876,commissioner
2877,Ryeland
2878,princeps
2879,chupacabra
2880,cladding
2881,rummages
2882,astrologers
2883,bipolar
2884,politesse
2885,arcane
2886,scallion
2887,constricting
2888,devout
2889,torpid
2890,chanteuse
2891,soleil
2892,stealthily
2893,inevitable
2894,shrike
2895,featherbrained
2896,arrondissement
2897,copse
2898,warden
2899,engrossed
2900,Vancouver
2901,immoderate
2902,carabinieri
2903,scabbard
2904,copious
2905,strife
2906,conjure
2907,arrayed
2908,tamarisk
2909,courtiers
2910,hurtle
2911,hindmost
2912,stalagmite
2913,countenance
2914,liana
2915,assuage
2916,fester
2917,eviction
2918,traitorous
2919,scepter
2920,sibilant
2921,adjutant
2922,intoxicating
2923,protruding
2924,condominium
2925,null
2926,au revoir
2927,inexorably
2928,outlandish
2929,substantial
2930,impenetrable
2931,scourge
2932,bitumen
2933,disgorged
2934,porcupine
2935,hooey
2936,intercede
2937,irreverent
2938,sacristy
2939,Algiers
2940,lurching
2941,blight
2942,defector
2943,apparition
2944,Salzkammergut
2945,primavera
2946,ineffective
2947,fronds
2948,livery
2949,dosages
2950,frisson
2951,souterrain
2952,trough
2953,authority
2954,scuttlebutt
2955,superintendent
2956,Aachen
2957,knickerbockers
2958,parchment
2959,minimize
2960,battalion
2961,exhalation
2962,oriole
2963,litany
2964,leach
2965,null
2966,chalet
2967,discord
2968,Ganges
2969,unsullied
2970,wrath
2971,**flamingos
2972,Lutheran
2973,clamorous
2974,niagara
2975,Carthusian
2976,corporate
2977,null
2978,roiling
2979,grimaces
2980,carrion
2981,**maharaja
2982,propane
2983,mechanics
2984,psychiatrist
2985,inheritance
2986,samosas
2987,null
2988,dissuade
2989,bankrupt
2990,disconcerting
2991,plumage
2992,chalice
2993,**Upanishads
2994,profusion
2995,insurance
2996,Jesuit
2997,epaulet
2998,necromancer
2999,null
3000,appalling
3001,dismayed
3002,fodder
3003,null
3004,proffered
3005,arret
3006,divulge
3007,offspring
3008,sinuously
3009,propound
3010,colonel
3011,marquee
3012,meditation
3013,pillage
3014,irreversible
3015,chauffeurs
3016,subaltern
3017,franchise
3018,anguish
3019,barricade
3020,disconsolate
3021,Etruscan
3022,pretentious
3023,increments
3024,moustache
3025,testosterone
3026,cloisters
3027,embellishes
3028,Odin
3029,null
3030,minivets
3031,redound
3032,appropriate
3033,parishioner
3034,unprepossessing
3035,proscenium
3036,Benedictine
3037,imaret
3038,allelopathy
3039,cinerarium
3040,hierurgical
3041,kathakali
3042,onychorrhexis
3043,cornichon
3044,capoeira
3045,polemic
3046,melee
3047,cozen
3048,paraffin
3049,devastavit
3050,agnolotti
3051,paladin
3052,emolument
3053,oxalis
3054,vigneron
3055,Mediterranean
3056,ballabile
3057,totipotency
3058,ikebana
3059,myeloma
3060,tannined
3061,longevous
3062,draegerman
3063,agnomen
3064,exaugural
3065,lebensraum
3066,spiedini
3067,digerati
3068,prescient
3069,Bauhaus
3070,gaillardia
3071,mufti
3072,anhinga
3073,solecism
3074,Fribourg
3075,sacerdotal
3076,caryatid
3077,dirigible
3078,jai alai
3079,hypertrophy
3080,proselytizer
3081,skeuomorph
3082,heliacal
3083,surcease
3084,Rastafarian
3085,ravigote
3086,null
3087,binturong
3088,schefflera
3089,ascetic
3090,succussion
3091,inchoate
3092,tenon
3093,mamushi
3094,contrapposto
3095,oolite
3096,avifauna
3097,judoka
3098,nubilous
3099,lipophilic
3100,temblor
3101,revanche
3102,joropo
3103,vaccary
3104,iatrogenic
3105,codicil
3106,insouciance
3107,megrims
3108,toxicosis
3109,Adelaide
3110,onychitis
3111,coulomb
3112,catarrh
3113,podagra
3114,colporteur
3115,unwonted
3116,roux
3117,violaceous
3118,quattrocento
3119,palaver
3120,null
3121,tazza
3122,tuatara
3123,Rorschach
3124,millegrain
3125,luthier
3126,agitprop
3127,damson
3128,chicle
3129,arthralgia
3130,canaille
3131,yttriferous
3132,Achernar
3133,pelisse
3134,sulcus
3135,desman
3136,verisimilitude
3137,vermeil
3138,cassock
3139,succade
3140,thalamus
3141,jacaranda
3142,Keynesian
3143,Ouagadougou
3144,meringue
3145,tumulus
3146,gyttja
3147,huapango
3148,akaryote
3149,bibliopegist
3150,mackinaw
3151,dorsiflexor
3152,jibboom
3153,predilection
3154,azulejo
3155,plagiarism
3156,sambal
3157,profiterole
3158,vestigial
3159,entomophagy
3160,hauberk
3161,holobenthic
3162,yuloh
3163,valetudinary
3164,Orwellian
3165,paronomasia
3166,bouillon
3167,boutonniere
3168,hermeneutics
3169,aristoi
3170,gimbaled
3171,facsimile
3172,tarpaulin
3173,anodyne
3174,tikkun
3175,vireo
3176,null
3177,renminbi
3178,cephalopod
3179,saccharide
3180,macaque
3181,rococo
3182,cabaletta
3183,interferon
3184,pulchritude
3185,boulevardier
3186,lassitude
3187,lachsschinken
3188,hesped
3189,sedulous
3190,pekoe
3191,quokka
3192,oeuvre
3193,wakame
3194,umami
3195,velouté
3196,patois
3197,lidocaine
3198,altazimuth
3199,bathos
3200,persiflage
3201,Aesopian
3202,Rubicon
3203,contretemps
3204,Castilian
3205,nihilism
3206,toreador
3207,frigate
3208,bourgeois
3209,a posteriori
3210,trichinosis
3211,ustion
3212,vermicelli
3213,enoptromancy
3214,aerophilatelic
3215,scaberulous
3216,ecclesiology
3217,sumpsimus
3218,frangipane
3219,satiety
3220,ankh
3221,anaglyphy
3222,teppanyaki
3223,morel
3224,reseau
3225,perorate
3226,contumelious
3227,reconnoiter
3228,cicatrize
3229,abeyance
3230,moulage
3231,danseur
3232,vicissitudes
3233,null
3234,somnolent
3235,rongeur
3236,interpellate
3237,chevalier
3238,lilliputian
3239,realpolitik
3240,intonaco
3241,mountebank
3242,genuflect
3243,taurine
3244,Sbrinz
3245,colloque
3246,realia
3247,grison
3248,toroidal
3249,speleothem
3250,sepulchral
3251,bruja
3252,niveau
3253,phulkari
3254,bialy
3255,euripus
3256,sangfroid
3257,upsilon
3258,rouille
3259,garrulous
3260,appurtenances
3261,samarium
3262,pasilla
3263,sakura
3264,rescissible
3265,paroxysm
3266,corsair
3267,variscite
3268,maringouin
3269,buccal
3270,Jungian
3271,communiqué
3272,zabaglione
3273,bolide
3274,argot
3275,zocalo
3276,Groenendael
3277,Chantilly
3278,velamen
3279,vervain
3280,vicenary
3281,**aficionado
3282,facile
3283,jacquard
3284,sporran
3285,chanoyu
3286,ajimez
3287,null
3288,chrysolite
3289,sorghum
3290,clematis
3291,hamadryad
3292,pompeii
3293,piscivorous
3294,execrable
3295,guilloche
3296,kente
3297,calumny
3298,oviparous
3299,benison
3300,hangul
3301,appositive
3302,ranine
3303,escabeche
3304,mangonel
3305,gagaku
3306,cartouches
3307,dirndl
3308,riparian
3309,ad hominem
3310,coalescence
3311,amygdala
3312,Nicoise
3313,latke
3314,**accoutrement
3315,oubliette
3316,Plantagenet
3317,scurrilous
3318,null
3319,martinet
3320,null
3321,béchamel
3322,bauxite
3323,flèche
3324,julienne
3325,asterion
3326,radicchio
3327,repoussage
3328,kakapo
3329,tetrachoric
3330,moiety
3331,hypallage
3332,dudgeon
3333,otacoustic
3334,pelagial
3335,sforzando
3336,pastitsio
3337,solenoid
3338,nitid
3339,naranjilla
3340,ague
3341,thalassic
3342,modiste
3343,veridical
3344,Basenji
3345,elegiac
3346,largesses
3347,frazil
3348,deuterium
3349,threnody
3350,concinnate
3351,pâtissier
3352,fulgent
3353,rapprochement
3354,Icarian
3355,Jacobean
3356,Stradivarius
3357,null
3358,olecranon
3359,glacis
3360,pappardelle
3361,ballotage
3362,synecdoche
3363,Yeatsian
3364,toreutics
3365,ahimsa
3366,Sahel
3367,ocotillo
3368,tulsi
3369,surfeit
3370,mascarpone
3371,kanji
3372,bibelot
3373,dubitante
3374,sebaceous
3375,limicolous
3376,rissole
3377,weltschmerz
3378,telegnosis
3379,disciform
3380,papeterie
3381,girandole
3382,seneschal
3383,jalousie
3384,loupe
3385,mizuna
3386,litigious
3387,googol
3388,pinniped
3389,ichthyology
3390,oleiculture
3391,trichotillomania
3392,phytophilous
3393,étagère
3394,wahine
3395,pruritus
3396,**loess
3397,huipil
3398,meunière
3399,anechoic
3400,grissino
3401,dactylic
3402,null
3403,mustelid
3404,hilum
3405,leonine
3406,coterie
3407,affogato
3408,ruelle
3409,prestidigitation
3410,fanfaronade
3411,laulau
3412,sylph
3413,scrivener
3414,Ushuaia
3415,soupçon
3416,malachite
3417,Gruyère
3418,katsura
3419,dysrhythmia
3420,redingote
3421,diphtheria
3422,urticaria
3423,proprioceptive
3424,diastole
3425,dragée
3426,adscititious
3427,bdelloid
3428,capsaicin
3429,oppugn
3430,mediobrome
3431,choucroute
3432,hummock
3433,nugatory
3434,ptosis
3435,macropterous
3436,demurrage
3437,hsaing-waing
3438,internecine
3439,commorients
3440,pejerrey
3441,euphonious
3442,tristeza
3443,stevedore
3444,duxelles
3445,immiscible
3446,horologist
3447,retinoscopy
3448,trigeminal
3449,harangue
3450,mesial
3451,Feldenkrais
3452,Ficus
3453,spodumene
3454,hyssop
3455,exsect
3456,unguiculate
3457,bailiwick
3458,agelicism
3459,leberwurst
3460,naumachia
3461,champignon
3462,amaryllis
3463,bozzetto
3464,subrident
3465,daguerreotype
3466,focaccia
3467,bahuvrihi
3468,reveille
3469,coiffure
3470,ethylene
3471,yakitori
3472,pahoehoe
3473,panjandrum
3474,regnal
3475,repartee
3476,flaneur
3477,pejorate
3478,Kjeldahl
3479,catachresis
3480,attaché
3481,chimera
3482,Ponzi
3483,Aitutakian
3484,rubefacient
3485,tiffin
3486,rafflesia
3487,null
3488,teneramente
3489,parterre
3490,halcyon
3491,colcannon
3492,ranunculus
3493,avgolemono
3494,styptic
3495,rondeau
3496,corrigenda
3497,tournedos
3498,pistou
3499,exiguous
3500,sopapilla
3501,atlatl
3502,Zanni
3503,ormolu
3504,scintillation
3505,presentient
3506,nictitate
3507,allochroous
3508,nonage
3509,blottesque
3510,Bolognese
3511,renvoi
3512,boutade
3513,ennui
3514,beurre
3515,consommé
3516,farrago
3517,kichel
3518,towhee
3519,caisson
3520,jicama
3521,null
3522,coup de grace
3523,semaphore
3524,escritoire
3525,cheongsam
3526,sturnine
3527,ullage
3528,tourelle
3529,gambol
3530,affenpinscher
3531,graticule
3532,octonocular
3533,zortzico
3534,notturno
3535,angiitis
3536,gudgeon
3537,gyascutus
3538,parallax
3539,teratism
3540,ginglymus
3541,Teutonic
3542,beaumontage
3543,cygnet
3544,antenatus
3545,flagellum
3546,hemorrhage
3547,Conestoga
3548,galoot
3549,supercilious
3550,trouvaille
3551,panegyric
3552,tapetum
3553,zeitgeist
3554,desiccate
3555,dysphasia
3556,glazier
3557,hoi polloi
3558,golem
3559,heinousness
3560,aporia
3561,kugel
3562,kinesiology
3563,sirenian
3564,krewe
3565,nacelle
3566,moraine
3567,topazolite
3568,exogenous
3569,nescience
3570,toque
3571,rupicolous
3572,hirsute
3573,trompe l’oeil
3574,aniseikonia
3575,blatherskite
3576,avuncular
3577,Pythagorean
3578,shubunkin
3579,ailette
3580,guayabera
3581,consigliere
3582,habiliments
3583,kepi
3584,hepatectomy
3585,fetticus
3586,realgar
3587,adiabatic
3588,rubato
3589,**bulgur
3590,bloviate
3591,rocaille
3592,anaphylaxis
3593,camembert
3594,gentilitial
3595,null
3596,seine
3597,couverture
3598,bobolink
3599,ecchymosis
3600,obnebulate
3601,ushabti
3602,galapago
3603,lemniscus
3604,diluent
3605,oppidan
3606,allonym
3607,puchero
3608,au courant
3609,ad nauseam
3610,urushiol
3611,decastich
3612,croquembouche
3613,nival
3614,crepuscular
3615,ganache
3616,andouille
3617,Naugahyde
3618,kobold
3619,ascites
3620,theca
3621,sauger
3622,otiose
3623,lefse
3624,mendicity
3625,Véronique
3626,croustade
3627,kanban
3628,megacephalic
3629,beccafico
3630,castellated
3631,null
3632,kipuka
3633,toccata
3634,souchong
3635,amphistylar
3636,toponymic
3637,planetesimal
3638,noumenon
3639,pertinacity
3640,poltroon
3641,saturnine
3642,boudin
3643,taoiseach
3644,chicanery
3645,gasthaus
3646,Freudian
3647,zaibatsu
3648,bucatini
3649,obeisant
3650,vilipend
3651,transmontane
3652,floruit
3653,titian
3654,reboation
3655,whippoorwill
3656,vitiate
3657,laterigrade
3658,Bunyanesque
3659,tokonoma
3660,haupia
3661,Keplerian
3662,pneumatocyst
3663,xerogel
3664,cachexia
3665,ululate
3666,cordillera
3667,codswallop
3668,fortissimo
3669,vizierial
3670,connoisseur
3671,sororal
3672,zazen
3673,hauteur
3674,portmanteau
3675,crescive
3676,ferruginous
3677,epideictic
3678,cabochon
3679,camarilla
3680,coaxation
3681,tryptophan
3682,gendarme
3683,embolus
3684,après
3685,nidicolous
3686,ardoise
3687,neophyte
3688,demulcent
3689,caveola
3690,zydeco
3691,oxyacetylene
3692,farouche
3693,buffa
3694,goosander
3695,farina
3696,consanguine
3697,queue
3698,farfalle
3699,clavichord
3700,kwashiorkor
3701,heuristic
3702,bibimbap
3703,hellebore
3704,ogival
3705,de rigueur
3706,lecithin
3707,nudibranch
3708,aquiclude
3709,transhumance
3710,stretto
3711,secant
3712,cetology
3713,triquetra
3714,demitasse
3715,phloem
3716,coccygeal
3717,comanchero
3718,plenipotentiary
3719,paramahamsa
3720,tomalley
3721,lacustrine
3722,Diplodocus
3723,meiosis
3724,foudroyant
3725,duello
3726,bouffant
3727,ageusia
3728,tachyon
3729,gules
3730,sesquipedalian
3731,fjeld
3732,bas-relief
3733,pillor
3734,piccata
3735,nimiety
3736,expugnable
3737,tomography
3738,rhizome
3739,deleterious
3740,isagoge
3741,lokelani
3742,profligacy
3743,effleurage
3744,Wensleydale
3745,ikat
3746,élan
3747,psoriasis
3748,yosenabe
3749,chastushka
3750,erubescent
3751,pylorus
3752,breviloquence
3753,bavardage
3754,funori
3755,bergère
3756,estovers
3757,erythroblast
3758,kalimba
3759,coulibiac
3760,piloncillo
3761,Erewhonian
3762,rembrandt
3763,maillot
3764,illative
3765,xyloglyphy
3766,xiphias
3767,rhyton
3768,bonspiel
3769,epenthesis
3770,betony
3771,Aramaic
3772,étouffée
3773,orogeny
3774,hackamore
3775,hinoki
3776,bêtise
3777,anathema
3778,null
3779,Pepysian
3780,blancmange
3781,nonpareil
3782,transience
3783,basilica
3784,degauss
3785,esplanade
3786,simulacrum
3787,nyctinasty
3788,frison
3789,rajpramukh
3790,tussock
3791,gesellschaft
3792,cnidarian
3793,pointelle
3794,flavedo
3795,Chalcolithic
3796,lanolated
3797,tamari
3798,capotasto
3799,vinaigrette
3800,maquillage
3801,rinceau
3802,linnet
3803,arenaceous
3804,Panagia
3805,tinnient
3806,mortadella
3807,filar
3808,embouchure
3809,panettone
3810,nockerl
3811,aioli
3812,stanchion
3813,bhangra
3814,plangency
3815,tmesis
3816,rhabdoid
3817,pochoir
3818,spirulina
3819,risorgimento
3820,apocryphal
3821,clerihew
3822,apodyterium
3823,glyceraldehyde
3824,eleemosynary
3825,agalma
3826,tamarack
3827,tsukupin
3828,apoplexy
3829,hagiographer
3830,force majeure
3831,analgesia
3832,puerilely
3833,katakana
3834,verdure
3835,syncope
3836,ossicle
3837,dengue
3838,obloquy
3839,Parmentier
3840,fait accompli
3841,icosahedron
3842,anemone
3843,cantatrice
3844,dhole
3845,rugose
3846,dreikanter
3847,goanna
3848,alpargata
3849,emollient
3850,**budgerigar
3851,brume
3852,penicillin
3853,wassail
3854,disembogue
3855,parquet
3856,null
3857,hiortdahlite
3858,pendeloque
3859,ammonite
3860,luculent
3861,dhurrie
3862,null
3863,extravasate
3864,beelzebub
3865,tanager
3866,expatiate
3867,lapidary
3868,outré
3869,incunabula
3870,rhinorrhagia
3871,foley
3872,wasteweir
3873,null
3874,Tchefuncte
3875,cioppino
3876,gabarit
3877,syzygy
3878,diamanté
3879,dulcinea
3880,becquerel
3881,inglenook
3882,guerite
3883,Beethovenian
3884,sphygmometer
3885,nainsook
3886,darnel
3887,efflux
3888,gallivat
3889,tatterdemalion
3890,**kibitzer
3891,querida
3892,giallolino
3893,frugivore
3894,charcuterie
3895,susurrus
3896,null
3897,paillard
3898,krausen
3899,lobscouse
3900,zugzwang
3901,**bienvenue
3902,auteur
3903,gazoz
3904,Castalia
3905,senecio
3906,triskelion
3907,null
3908,labefaction
3909,Glaswegian
3910,nahcolite
3911,jasmone
3912,crokinole
3913,potwalloper
3914,ibidem
3915,stannum
3916,telamon
3917,hawok
3918,anicca
3919,kaffeeklatsch
3920,estival
3921,putsch
3922,uraeus
3923,fructiferous
3924,batamote
3925,peregrination
3926,null
3927,tralatitious
3928,teledu
3929,martinoe
3930,yabbies
3931,paraquat
3932,loup-garou
3933,denouement
3934,gattine
3935,lierre
3936,salmagundi
3937,prana
3938,empennage
3939,hortatory
3940,mele
3941,porwigle
3942,null
3943,sinciput
3944,lysozyme
3945,maquette
3946,Marathi
3947,portugais
3948,**hutia
3949,abattoir
3950,grimthorpe
3951,obliviscence
3952,nuciform
3953,ligas
3954,null
3955,glossopetrae
3956,thaumaturge
3957,autophagy
3958,grandrelle
3959,Osloite
3960,Deseret
3961,diktat
3962,pinioned
3963,Airedale
3964,bordereaux
3965,sciolistic
3966,Djibouti
3967,llanero
3968,fouetté
3969,potager
3970,rambla
3971,seraya
3972,Tegucigalpa
3973,Machiavellian
3974,venenate
3975,malleolus
3976,tullibee
3977,janthina
3978,Llullaillaco
3979,glaucomatous
3980,badinage
3981,*** marcel
3982,guichet
3983,Skeltonic
3984,Pyxis
3985,haori
3986,saccadic
3987,croquignole
3988,Guarnerius
3989,balata
3990,rheostat
3991,mignonette
3992,dolmen
3993,unakite
3994,balbriggan
3995,hariolation
3996,coadjutor
3997,griot
3998,azotea
3999,affeer
4000,thylacine
4001,chiffonade
4002,vexillologist
4003,gabbro
4004,pomology
4005,cenote
4006,haricot
4007,**halala
4008,gegenschein
4009,Svengali
4010,griffonage
4011,Luddite
4012,null
4013,hebdomadal
4014,escheator
4015,fossiliferous
4016,wickiup
4017,corybantic
4018,gypsophila
4019,dogana
4020,calefacient
4021,nisse
4022,chasuble
4023,koh-i-noor
4024,toorie
4025,obdurate
4026,impugn
4027,furuncle
4028,nocive
4029,exchequer
4030,nunchaku
4031,brouillon
4032,pongee
4033,cataphora
4034,habeas corpus
4035,senryu
4036,derecho
4037,acoel
4038,blastema
4039,kerril
4040,cormorant
4041,solipsist
4042,acral
4043,trochee
4044,pudibund
4045,gnomon
4046,sinophile
4047,Koine
4048,diapason
4049,toril
4050,pinetum
4051,harmattan
4052,weka
4053,deliquesce
4054,ryas
4055,brucellosis
4056,**incarnadine
4057,haplography
4058,aperçu
4059,terai
