,1,2,3
0,gel,antsy,cladding
1,day,OR *humour,rummages
2,scorch,bracelet,astrologers
3,hear,cruel,bipolar
4,sizzle,dolce,politesse
5,jotted,ancestors,arcane
6,train,hover,scallion
7,upset,mention,constricting
8,motor,inwardly,devout
9,sprint,schedule,torpid
10,hatchling,opus,chanteuse
11,swirled,convulsive,soleil
12,sport,billow,stealthily
13,father,spoken,inevitable
14,talking,mobility,shrike
15,awe,goblins,featherbrained
16,razz,pedestrian,arrondissement
17,amount,jasper,copse
18,rich,posh,warden
19,jam,record,engrossed
20,money,eddy,Vancouver
21,afar,splutter,immoderate
22,followed,snorkels,carabinieri
23,sighed,berth,scabbard
24,eel,Canada,copious
25,mugs,bridge,strife
26,couch,fanged,conjure
27,bowl,convince,arrayed
28,purple,lullaby,tamarisk
29,sheen,deference,courtiers
30,fans,toga,hurtle
31,fair,pinpoint,hindmost
32,nibble,bough,stalagmite
33,sweat,grateful,countenance
34,entire,FORTRAN,liana
35,worse,detergent,assuage
36,dome,bison,fester
37,dinner,wisdom,eviction
38,strands,listlessly,traitorous
39,cost,gesture,scepter
40,December,tangents,sibilant
41,sandwich,sheathed,adjutant
42,tall,strum,intoxicating
43,rats,slate,protruding
44,chapter,cautioned,condominium
45,sleek,formation,OR *sceptre
46,sudden,expression,au revoir
47,duo,mantle,inexorably
48,better,dangerous,outlandish
49,fed,drape,substantial
50,chess,flurry,impenetrable
51,bottle,previous,scourge
52,slither,violin,bitumen
53,gleaming,streamlet,disgorged
54,hit,pluck,porcupine
55,sir,countless,hooey
56,slimy,glisten,intercede
57,smart,imposing,irreverent
58,combed,binary,sacristy
59,repress,strait,Algiers
60,peanut,squid,lurching
61,boom,hideout,blight
62,squeak,accuse,defector
63,stared,complicated,apparition
64,patrol,semicolon,Salzkammergut
65,clothes,congratulate,primavera
66,cake,Frisbee,ineffective
67,wave,ruins,fronds
68,friend,drowsy,livery
69,plopped,unnoticed,dosages
70,epic,patent,frisson
71,either,fountain,souterrain
72,bite,teeter,trough
73,trunk,Mexico,authority
74,laptop,scoff,scuttlebutt
75,darted,agreement,superintendent
76,vital,incantations,Aachen
77,rely,curtly,knickerbockers
78,noon,chives,parchment
79,sleepy,glazed,minimize
80,movie,opposite,battalion
81,angry,dappled,exhalation
82,window,treble,oriole
83,chose,garish,litany
84,gummy,rallies,leach
85,full,scanner,OR *minimise
86,known,instrument,chalet
87,sidekick,rustle,discord
88,pocket,Baltic,Ganges
89,belle,gilded,unsullied
90,sting,pastry,wrath
91,huge,oncoming,**flamingos
92,suffer,blissfully,Lutheran
93,stuff,chef,clamorous
94,project,ventured,niagara
95,else,contingent,Carthusian
96,ray,coveralls,corporate
97,born,flimsy,OR flamingoes
98,double,coarse,roiling
99,least,crease,grimaces
100,goofy,deities,carrion
101,picture,swerve,**maharaja
102,dusk,ponytail,propane
103,jumping,launch,mechanics
104,watch,activists,psychiatrist
105,little,whales,inheritance
106,remember,feta,samosas
107,prepare,president,OR maharajah
108,mops,clatter,dissuade
109,damp,rubble,bankrupt
110,ahoy,commute,disconcerting
111,felt,mislead,plumage
112,travel,proverb,chalice
113,percent,depths,**Upanishads
114,thanks,snout,profusion
115,from,tourists,insurance
116,dream,cocoa,Jesuit
117,summer,subtitles,epaulet
118,cranky,indecipherable,necromancer
119,afraid,Oregon,OR Upanisads
120,dash,tumbling,appalling
121,hunch,laughter,dismayed
122,whine,nutrients,fodder
123,carefully,fragment,OR epaulette
124,career,podium,proffered
125,rescue,purpose,arret
126,skin,cradle,divulge
127,each,window,offspring
128,beans,scarcely,sinuously
129,would,retreat,propound
130,disease,terraced,colonel
131,Null,Null,marquee
132,star,firefly,meditation
133,shade,meeting,pillage
134,child,stretcher,irreversible
135,shambles,implore,chauffeurs
136,trophy,Aztec,subaltern
138,began,serious,franchise
139,ribs,plush,anguish
140,space,lairs,barricade
141,taillight,lento,disconsolate
142,theater,laboratory,Etruscan
144,grew,banners,pretentious
145,forever,helmet,increments
146,princess,hybrid,moustache
147,quicken,Scandinavia,testosterone
148,OR theatre,sinister,cloisters
150,fine,humor,embellishes
151,freeze,whimper,Odin
152,piper,mustard,OR mustache
153,presence,haggis,minivets
154,athlete,runes,redound
156,gradual,hexagonal,appropriate
157,bedlam,unabated,parishioner
158,gargantuan,beaucoup,unprepossessing
159,gimmick,endorphin,proscenium
160,monopolize,cinnamon,Benedictine
161,target,abrogate,Null
162,ferocious,litmus,imaret
163,shortfall,petrifying,allelopathy
164,salsa,banal,cinerarium
165,flannel,pharmacy,hierurgical
166,water,pharaoh,kathakali
167,angora,effusive,onychorrhexis
168,frequently,seethe,cornichon
169,cowlick,specimen,capoeira
170,chaotic,seismologist,polemic
171,cucumber,fondant,melee
172,marathon,opponency,cozen
173,snippet,primitive,paraffin
174,permission,antiquarian,devastavit
175,opinionated,interlocutor,agnolotti
176,shrimp,spectacles,paladin
177,McMansion,cupola,emolument
178,omission,referendum,oxalis
179,ascribe,fabulist,vigneron
180,towel,phalanges,Mediterranean
181,slogan,machete,ballabile
182,mandate,innovator,totipotency
183,janitor,herbaceous,ikebana
184,newbie,quaver,myeloma
185,hodgepodge,comportment,tannined
186,sundae,bachelorette,longevous
187,triumphant,dulcet,draegerman
188,turret,bursary,agnomen
189,lionize,tentativeness,exaugural
190,spreadsheet,rabbinic,lebensraum
191,verbiage,taciturn,spiedini
192,ornament,frontier,digerati
193,parenthetic,salubrious,prescient
194,pigeon,hallowed,Bauhaus
195,headdress,pachinko,gaillardia
196,badger,lapel,mufti
197,nephew,sophomoric,anhinga
198,rooster,unctuous,solecism
199,listener,rotisserie,Fribourg
200,satellite,apogee,sacerdotal
201,ludicrous,decrepitude,caryatid
202,fortification,mackerel,dirigible
203,imbibe,laureate,jai alai
204,scold,fluoride,hypertrophy
205,guardian,**paneer,proselytizer
206,parasite,hiatus,skeuomorph
207,pear,redux,heliacal
208,hydra,callow,surcease
209,savvy,Goliath,Rastafarian
210,organza,moorage,ravigote
211,dwindled,OR panir,OR *proselytiser
212,favorite,freesia,binturong
213,system,dramaturgy,schefflera
214,grouse,biscuit,ascetic
215,reckon,splenetic,succussion
216,fragile,Minotaur,inchoate
217,fraught,omnibus,tenon
218,OR *favourite,exoneration,mamushi
219,pedigree,murmuration,contrapposto
220,manta,flourish,oolite
221,boorish,legato,avifauna
222,galaxy,intermezzo,judoka
223,sturdy,biscotti,nubilous
224,cascade,duvet,lipophilic
225,empty,Clydesdale,temblor
226,astonish,beatific,revanche
227,tarmac,slovenly,joropo
228,complaint,edification,vaccary
229,treadmill,calibrate,iatrogenic
230,dandelion,turpitude,codicil
231,amulet,phonics,insouciance
232,fashionista,repository,megrims
233,iteration,aerobics,toxicosis
234,curries,vacuousness,Adelaide
235,originate,appellation,onychitis
236,famous,platitude,coulomb
237,guess,calisthenics,catarrh
238,stubble,dissipate,podagra
239,nurture,paisley,colporteur
240,tennis,epilepsy,unwonted
241,forfend,duodenum,roux
242,pristine,nobiliary,violaceous
243,magician,obediential,quattrocento
244,genius,accomplice,palaver
245,volcano,contrariwise,OR colporter
246,grumbling,importunate,tazza
247,OR forefend,valorous,tuatara
248,golden,commerce,Rorschach
249,carrot,odiferous,millegrain
250,nuance,kerchief,luthier
251,forensics,petroleum,agitprop
252,garlic,recuperation,damson
253,eavesdrop,OR *valourous,chicle
254,modesty,keratitis,arthralgia
255,meteor,combination,canaille
256,stencil,whimsical,yttriferous
257,miraculous,regalia,Achernar
258,hula,citronella,pelisse
259,January,isotopic,sulcus
260,amphibian,honorific,desman
261,distraught,torrent,verisimilitude
262,penguin,stamina,vermeil
263,trendy,incinerate,cassock
264,reactionary,palliative,succade
265,scruple,carpal,thalamus
266,jealousy,OR *honourific,jacaranda
267,freight,arsenic,Keynesian
268,freckle,criteria,Ouagadougou
269,permafrost,flagon,meringue
270,muscular,abhorrence,tumulus
271,moxie,quizzical,gyttja
272,remedial,kookaburra,huapango
273,honeybee,invertebrate,akaryote
274,blooper,reprieve,bibliopegist
275,iceberg,incoherent,mackinaw
276,drizzle,personnel,dorsiflexor
277,winnow,heliotrope,jibboom
278,vouch,napoleon,predilection
279,blemish,**bandanna,azulejo
280,misconception,consequent,plagiarism
281,cactus,tercentenary,sambal
282,accurate,vexatious,profiterole
283,incentive,squander,vestigial
284,trivia,superlative,entomophagy
285,crumpet,OR bandana,hauberk
286,lambkin,contusion,holobenthic
287,nationalism,vituperative,yuloh
288,studio,faux,valetudinary
289,admirer,prenuptial,Orwellian
290,shoulder,oxygenate,paronomasia
291,blizzard,manipulable,bouillon
292,chowder,mulligan,boutonniere
293,leeway,churlish,hermeneutics
294,illusionist,sophisticated,aristoi
295,emotional,succulent,gimbaled
296,zebra,annihilate,facsimile
297,squirm,axiomatic,tarpaulin
298,sunflower,sabermetrics,anodyne
299,pilferer,riviera,tikkun
300,genetic,nebulous,vireo
301,chia,bedraggled,OR gimballed
302,butterscotch,sarcophagus,renminbi
303,harmonious,indefatigable,cephalopod
304,lambasted,elocution,saccharide
305,rollicking,laconic,macaque
306,levity,genus,rococo
307,raspberry,rectitude,cabaletta
308,apron,surrogate,interferon
309,lawyer,ulterior,pulchritude
310,volumetric,dowager,boulevardier
311,quart,excision,lassitude
312,moisture,legionnaire,lachsschinken
313,bogus,uranium,hesped
314,beagle,terabyte,sedulous
315,valiant,oligarchy,pekoe
316,flattery,comparison,quokka
317,lactose,emblazoned,oeuvre
318,toughness,sternutation,wakame
319,recoup,inundate,umami
320,kidney,uncouth,velouté
321,purse,pianola,patois
322,simmer,diaphanous,lidocaine
323,domineering,bric-a-brac,altazimuth
324,tasteless,subcutaneous,bathos
325,bookworm,wunderkind,persiflage
326,wistful,onerous,Aesopian
327,raisin,dignify,Rubicon
328,whisk,agoraphobia,contretemps
329,onion,longitude,Castilian
330,astute,alacrity,nihilism
331,veteran,filial,toreador
332,raven,macrocosm,frigate
333,trumpet,allegiance,bourgeois
334,bathtub,buffet,a posteriori
335,abandon,maverick,trichinosis
336,turtle,choreographer,ustion
337,erase,wearisome,vermicelli
338,fructose,bulbous,enoptromancy
339,bias,basaltic,aerophilatelic
340,fantastically,tortoise,scaberulous
341,vault,retrograde,ecclesiology
342,Pinkerton,leguminous,sumpsimus
343,handcuffs,visage,frangipane
344,Amazon,umpirage,satiety
345,lettuce,scorpion,ankh
346,failure,surmountable,anaglyphy
347,junior,partridge,teppanyaki
348,fortune,ceramics,morel
349,spinal,fascinator,reseau
350,companion,heredity,perorate
351,shamrock,planetarium,contumelious
352,tolerable,endure,reconnoiter
353,hamlet,insignia,cicatrize
354,sluggard,mimetic,abeyance
355,demolition,testimony,moulage
356,panorama,philharmonic,danseur
357,Americana,ecstatic,vicissitudes
358,mosquito,bonobo,OR reconnoitre
359,jubilant,binomial,somnolent
360,thawed,luminance,rongeur
361,mince,demographics,interpellate
362,puzzles,lupine,chevalier
363,lounge,ingenuous,lilliputian
364,gnash,chancellor,realpolitik
365,calzone,trefoil,intonaco
366,uncle,adjective,mountebank
367,bubbly,Jurassic,genuflect
368,scumble,resuscitate,taurine
369,supper,phonetician,Sbrinz
370,knuckle,pauper,colloque
371,bawl,designer,realia
372,dawdle,elucidate,grison
373,graham,myoglobin,toroidal
374,extinct,approbatory,speleothem
375,explosive,macular,sepulchral
376,bribery,epoch,bruja
377,circle,leisure,niveau
378,mogul,spatula,phulkari
379,headlong,frugal,bialy
380,jersey,catalepsy,euripus
381,cajole,simpatico,sangfroid
382,glucose,dumbwaiter,upsilon
383,respect,vague,rouille
384,troll,triglycerides,garrulous
385,timber,achromatic,appurtenances
386,trapezoid,labyrinthine,samarium
387,bauble,adhesion,pasilla
388,mower,allergenic,sakura
389,introverted,wharf,rescissible
390,kindred,stalwart,paroxysm
391,medallion,miscible,corsair
392,dillydally,notoriety,variscite
393,happenstance,rennet,maringouin
394,campus,vocabulary,buccal
395,fuddy-duddy,altercation,Jungian
396,tantrum,bumptious,communiqué
397,maximum,soprano,zabaglione
398,haggle,subterranean,bolide
399,tussle,pinnacle,argot
400,infant,vassal,zocalo
401,pulley,fratority,Groenendael
402,science,farcical,Chantilly
403,clover,cutis,velamen
404,sword,aubergine,vervain
405,inched,avalanche,vicenary
406,thunderbolt,panary,**aficionado
407,Kodiak,cataclysmic,facile
408,cement,ghastly,jacquard
409,casino,hyrax,sporran
410,mastiff,jalapeño,chanoyu
411,dimension,cadge,ajimez
412,despicable,tangerine,OR afficionado
413,misinterpret,metatarsal,chrysolite
414,venomous,parkour,sorghum
415,distinctive,truncheon,clematis
416,cooperate,attributive,hamadryad
417,ugliness,exodus,pompeii
418,elderly,pervasive,piscivorous
419,twee,bereavement,execrable
420,plaintiff,fealty,guilloche
421,mister,educand,kente
422,merchandise,plutonomy,calumny
423,quack,philosophize,oviparous
424,amigo,haphazard,benison
425,holiday,carbohydrates,hangul
426,mayhem,perilous,appositive
427,warning,Realtor,ranine
428,gauntlet,lobotomy,escabeche
429,spider,Requiem,mangonel
430,bestow,legislature,gagaku
431,indigo,sesame,cartouches
432,thicket,steroid,dirndl
433,useful,billabong,riparian
434,apology,assumption,ad hominem
435,weather,glitterati,coalescence
436,gung ho,shenanigans,amygdala
437,forage,palatable,Nicoise
438,gymnastics,gullibility,latke
439,difficult,bariatrics,**accoutrement
440,carnival,entrepreneur,oubliette
441,twinge,transference,Plantagenet
442,umbrella,inclusion,scurrilous
443,tooth,gratis,OR Niçoise
444,island,tarantula,martinet
445,mischief,throughout,OR accouterment
446,buffoonery,besieged,béchamel
447,poncho,uveal,bauxite
448,synthetic,physicists,flèche
449,dauntlessly,nonvolatile,julienne
450,peacenik,cantankerous,asterion
451,talent,propulsion,radicchio
452,intellectual,placoderm,repoussage
453,hooligan,candelabrum,kakapo
454,cloying,tempura,tetrachoric
455,faucet,juvenilia,moiety
456,ounce,vitriolic,hypallage
457,kiwi,assailant,dudgeon
458,tickled,hermitage,otacoustic
459,decade,vacillate,pelagial
460,olive,reggae,sforzando
461,scheme,fomentation,pastitsio
462,memorandum,crinoline,solenoid
463,publish,charioteer,nitid
464,domino,permutation,naranjilla
465,forbidden,phenotype,ague
466,truth,futility,thalassic
467,cough,reprisal,modiste
468,bother,debris,veridical
469,mutter,solicit,Basenji
470,ignite,conference,elegiac
471,jumbo,transposable,largesses
472,balderdash,untenable,frazil
473,straw,astrobleme,deuterium
474,missile,armaments,threnody
475,sedentary,melismatic,concinnate
476,legacy,woebegone,pâtissier
477,mortal,thrasonical,fulgent
478,infringe,feudalism,rapprochement
479,hooves,sabotage,Icarian
480,munchkin,versatile,Jacobean
481,divine,spurious,Stradivarius
482,splurge,resplendence,OR patissier
483,bugaboo,trepanation,olecranon
484,interloper,malevolent,glacis
485,shadow,absolution,pappardelle
486,banana,subtlety,ballotage
487,lexicon,tempeh,synecdoche
488,neigh,aphasia,Yeatsian
489,standard,Holstein,toreutics
490,routine,posada,ahimsa
491,meekness,rutabaga,Sahel
492,furnace,hangar,ocotillo
493,bristle,statistician,tulsi
494,cabbage,environs,surfeit
495,yearn,quadrillion,mascarpone
496,privacy,acquiesce,kanji
497,squall,espousal,bibelot
498,foothills,verbena,dubitante
499,daresay,ibuprofen,sebaceous
500,erode,celebratory,limicolous
501,primatologist,tardigrade,rissole
502,decision,apothecary,weltschmerz
503,OR squawl,virulence,telegnosis
504,tongue,zirconium,disciform
505,owlishly,injurious,papeterie
506,formalize,cornucopia,girandole
507,voluntary,varsity,seneschal
508,farfetched,summary,jalousie
509,omen,allocable,loupe
510,caterpillar,ventriloquy,mizuna
511,criminal,anglophile,litigious
512,OR *formalise,prominent,googol
513,furious,scholarship,pinniped
514,linen,brogue,ichthyology
515,militant,effraction,oleiculture
516,wasp,circumflex,trichotillomania
517,recipient,defiant,phytophilous
518,anyway,archetype,étagère
519,wombat,filbert,wahine
520,piratical,suet,pruritus
521,civics,limousine,**loess
522,kudos,calligram,huipil
523,strong,substitute,meunière
524,isolation,travails,anechoic
525,marginalize,Galahad,grissino
526,pigsty,koto,dactylic
527,locker,drupiferous,OR löss
528,alpha,eczema,mustelid
529,canteen,quiddity,hilum
530,measly,antipathy,leonine
531,swipe,jadeite,coterie
532,misery,jingoism,affogato
533,jabberwocky,organelle,ruelle
534,shebang,theomachy,prestidigitation
535,aviation,karst,fanfaronade
536,apprehensive,leviathan,laulau
537,eternity,peripheral,sylph
538,months,satchel,scrivener
539,detention,osprey,Ushuaia
540,tibia,fibula,soupçon
541,lucky,Brigadoon,malachite
542,zither,alpaca,Gruyère
543,imagery,elevator,katsura
544,guffaw,evanescent,dysrhythmia
545,sparkle,elusive,redingote
546,hazelnut,aberration,diphtheria
547,rocket,vestibule,urticaria
548,lamentable,duress,proprioceptive
549,pastel,chaperonage,diastole
550,caravan,diverge,dragée
551,calico,disproportionate,adscititious
552,votive,necrotic,bdelloid
553,reflect,ballyhooed,capsaicin
554,brilliant,eucalyptus,oppugn
555,twice,frittata,mediobrome
556,culinary,exemplar,choucroute
557,theme,cayenne,hummock
558,lantern,eminent,nugatory
559,scent,arpeggio,ptosis
560,competitive,rambunctious,macropterous
561,megahertz,vandalize,demurrage
562,boycott,marsupial,hsaing-waing
563,literacy,tabernacle,internecine
564,loathe,phosphorescent,commorients
565,sofa,beguile,pejerrey
566,webisode,temerity,euphonious
567,dough,impasto,tristeza
568,tiger,bifurcate,stevedore
569,selfie,deglaciation,duxelles
570,axle,anxiety,immiscible
571,eggplant,centenary,horologist
572,kangaroo,egress,retinoscopy
573,emperor,antagonistic,trigeminal
574,romaine,drivel,harangue
575,skydiving,recruit,mesial
576,glimmer,conch,Feldenkrais
577,kosher,matrimony,Ficus
578,Romeo,geocaching,spodumene
579,utterable,affront,hyssop
580,migraine,jettison,exsect
581,memes,tableau,unguiculate
582,vacation,singultus,bailiwick
583,minority,errata,agelicism
584,emerge,instigate,leberwurst
585,leniency,element,naumachia
586,oasis,Promethean,champignon
587,nuggets,sheldrake,amaryllis
588,napkin,impromptu,bozzetto
589,default,stipulate,subrident
590,twitchy,obscure,daguerreotype
591,frivolous,desolate,focaccia
592,navigator,embassy,bahuvrihi
593,frailty,suitable,reveille
594,overrun,oracle,coiffure
595,heroic,naïveté,ethylene
596,arrogant,transcription,yakitori
597,potato,truncate,pahoehoe
598,humane,contemptuous,panjandrum
599,sweltering,cenotaph,regnal
600,yellowfin,condemn,repartee
601,bombard,OR naiveté,flaneur
602,normative,muchacha,pejorate
603,wholehearted,pedicure,Kjeldahl
604,polenta,okapi,catachresis
605,scrounge,Plumeria,attaché
606,clodhopper,scenographer,chimera
607,furtive,cadence,Ponzi
608,homework,steppe,Aitutakian
609,metadata,**caftan,rubefacient
610,delicacy,welterweight,tiffin
611,praise,perpetrator,rafflesia
612,crayon,neuroticism,OR *chimaera
613,journal,fido,teneramente
614,mildew,palpitant,parterre
615,farewell,OR kaftan,halcyon
616,noggin,scrooge,colcannon
617,scripture,cinematic,ranunculus
618,bakery,cannoli,avgolemono
619,tulip,vehicular,styptic
620,pattern,nonchalance,rondeau
621,hypnotic,ingratiate,corrigenda
622,background,morose,tournedos
623,ulna,wallaby,pistou
624,porridge,platoon,exiguous
625,myself,sabbatical,sopapilla
626,coffee,realm,atlatl
627,jewel,sousaphone,Zanni
628,thistle,osmosis,ormolu
629,fellowship,contrivance,scintillation
630,eyelet,solstice,presentient
631,marine,ermine,nictitate
632,botch,estuary,allochroous
633,tangible,amalgam,nonage
634,***althorn,flimflammer,blottesque
635,amass,suffrage,Bolognese
636,yeti,swannery,renvoi
637,cloudy,pugilist,boutade
638,receptacle,technician,ennui
639,nourish,carnage,beurre
640,Spaniel,astringent,consommé
641,missive,thyme,farrago
642,groove,probative,kichel
643,cricket,tapioca,towhee
644,bagpipe,dietetic,caisson
645,vulpine,turmeric,jicama
646,kilt,mademoiselle,OR consomme
647,jitterbug,phlebotomy,coup de grace
648,estimate,oblique,semaphore
649,motto,festooned,escritoire
650,bonfire,homage,cheongsam
651,aloha,zoolatry,sturnine
652,whirlybird,nouveau,ullage
653,kennel,anemic,tourelle
654,cattail,buoyancy,gambol
655,torch,tectonic,affenpinscher
656,abruptly,cumulus,graticule
657,entrance,ricochet,octonocular
658,Hungary,heterochromia,zortzico
659,heavenly,OR anaemic,notturno
660,paraphrase,situation,angiitis
661,pamper,wizened,gudgeon
662,bushel,essential,gyascutus
663,kindergarten,hackneyed,parallax
664,welding,consul,teratism
665,shindig,depravity,ginglymus
666,heartthrob,lumbar,Teutonic
667,pleasant,tomfoolery,beaumontage
668,skedaddle,seraphic,cygnet
669,restaurant,vespertine,antenatus
670,aforesaid,hermetically,flagellum
671,melody,effervescent,hemorrhage
672,cheek,topiary,Conestoga
673,robin,harrumph,galoot
674,toddler,cameist,supercilious
675,functionary,**brusque,trouvaille
676,varnish,excursion,panegyric
677,membership,soirée,tapetum
678,daughter,reverberant,zeitgeist
679,historical,embezzlement,desiccate
680,everglades,scrumptiously,dysphasia
681,dodge,OR brusk,glazier
682,spindle,dreadlocks,hoi polloi
683,oblong,OR soiree,golem
684,laser,yeanling,heinousness
685,rules,fallacy,aporia
686,pellet,toploftical,kugel
687,iota,erstwhile,kinesiology
688,wheedle,theriatrics,sirenian
689,yammer,churros,krewe
690,invoke,homicide,nacelle
691,geometric,asylum,moraine
692,klutz,noctambulist,topazolite
693,gelato,lolled,exogenous
694,whelp,cumbersome,nescience
695,whereas,diadem,toque
696,upshot,graphologist,rupicolous
697,villa,remuneration,hirsute
698,envoy,visibility,trompe l’oeil
699,hankering,osteopath,aniseikonia
700,yonder,affluent,blatherskite
701,coercive,larceny,avuncular
702,climate,principality,Pythagorean
703,midriff,expostulate,shubunkin
704,postpone,ligament,ailette
705,esteem,kaiser,guayabera
706,riffraff,chastise,consigliere
707,bailiff,acetaminophen,habiliments
708,Yankee,Nostradamus,kepi
709,teaspoon,integument,hepatectomy
710,wafer,plenitude,fetticus
711,knack,imperious,realgar
712,restive,colic,adiabatic
713,infiltrate,parochial,rubato
714,dim sum,taxonomic,**bulgur
715,worrywart,Hebrides,bloviate
716,software,illustrious,rocaille
717,satisfactory,Egyptian,anaphylaxis
718,various,atomic,camembert
719,skirmish,earnestly,gentilitial
720,moose,beret,OR bulghur
721,developer,macaw,seine
722,factoid,symmetrical,couverture
723,barefoot,foible,bobolink
724,giggle,fêng shui,ecchymosis
725,constituent,**gaffe,obnebulate
726,cuckoo,talisman,ushabti
727,shopaholic,perspicacious,galapago
728,marvelous,pendulous,lemniscus
729,trope,lousicide,diluent
730,bowie,acuity,oppidan
731,flounder,OR gaff,allonym
732,dilemma,impecunious,puchero
733,magma,reimbursable,au courant
734,OR marvellous,analepsis,ad nauseam
735,knock,ewer,urushiol
736,teemed,subliminal,decastich
737,cleave,ostensibly,croquembouche
738,outrageous,reciprocity,nival
739,briefcase,jambalaya,crepuscular
740,evince,mitigative,ganache
741,whittle,curfew,andouille
742,soppiness,charismatic,Naugahyde
743,millionaire,nervily,kobold
744,silver,molecule,ascites
745,deputy,geriatric,theca
746,season,pyrite,sauger
747,joyful,schism,otiose
748,bask,phoenix,lefse
749,concrete,gingivitis,mendicity
750,fedora,millennial,Véronique
751,mangrove,striation,croustade
752,horizon,sacrifice,kanban
753,genuine,dilapidated,megacephalic
754,lateral,bastion,beccafico
755,slurry,patience,castellated
756,wildcat,ineffable,OR Veronique
757,enfranchise,Appaloosa,kipuka
758,arborio,consternation,toccata
759,recluse,peony,souchong
760,usher,edamame,amphistylar
761,heiress,quittance,toponymic
762,monstrosity,abnegation,planetesimal
763,kiln,ramifications,noumenon
764,cartoon,escalator,pertinacity
765,shield,urgency,poltroon
766,prone,porcelain,saturnine
767,reign,tenement,boudin
768,spectral,soothsayer,taoiseach
769,tawny,veracity,chicanery
770,contraction,vignette,gasthaus
771,camcorder,facade,Freudian
772,groom,remorseful,zaibatsu
773,peat,adieu,bucatini
774,dialect,varicose,obeisant
775,scalp,marionette,vilipend
776,scooter,adjudicate,transmontane
777,gossip,OR façade,floruit
778,trice,cybernetics,titian
779,harrowing,tenaciously,reboation
780,heist,adage,whippoorwill
781,scrapple,Neapolitan,vitiate
782,acceptance,caricature,laterigrade
783,version,evaporation,Bunyanesque
784,brick,garniture,tokonoma
785,hobble,indemnity,haupia
786,avenue,cicada,Keplerian
787,nominee,chintzy,pneumatocyst
788,rugby,emerald,xerogel
789,fluid,bittern,cachexia
790,privet,twilight,ululate
791,peddle,cyanosis,cordillera
792,pending,mauve,codswallop
793,martial,genteel,fortissimo
794,shore,liege,vizierial
795,vlogging,flotsam,connoisseur
796,debunk,proletarian,sororal
797,effortless,regurgitate,zazen
798,ewe,emeritus,hauteur
799,acumen,requisition,portmanteau
800,yippee,wilco,crescive
801,diversity,discombobulate,ferruginous
802,ballad,vantage,epideictic
803,moped,stegosaur,cabochon
804,stagestruck,suture,camarilla
805,infirm,stimuli,coaxation
806,wand,germane,tryptophan
807,spangled,scrutiny,gendarme
808,chide,discountenance,embolus
809,groats,statuesque,après
810,standee,obfuscate,nidicolous
811,bleary,schooner,ardoise
812,Merlin,bacteriolytic,neophyte
813,barbie,concatenate,demulcent
814,atonement,stupefy,caveola
815,Highlands,nectarine,zydeco
816,sailage,casualty,oxyacetylene
817,attitude,declamatory,farouche
818,carnation,rhododendron,buffa
819,delta,impeachable,goosander
820,citation,irrevocable,farina
821,Null,galvanize,consanguine
822,yoo-hoo,perseverance,queue
823,beseech,embryo,farfalle
824,neaten,ineptitude,clavichord
825,handyman,residue,kwashiorkor
826,hardtack,trellis,heuristic
827,Null,agonistic,bibimbap
828,profiteer,apparatus,hellebore
829,sunseeker,languorous,ogival
830,depose,academese,de rigueur
831,stewardship,halibut,lecithin
832,rabid,juxtapose,nudibranch
833,Null,rosin,aquiclude
834,kernel,myopic,transhumance
835,cornily,stevia,stretto
836,frock,registrar,secant
837,gruel,spectrometer,cetology
838,teenagers,hydrangea,triquetra
839,Null,burial,demitasse
840,Null,ebullience,phloem
841,Null,phycology,coccygeal
842,Null,alma mater,comanchero
843,Null,circadian,plenipotentiary
844,Null,slalom,paramahamsa
845,Null,bulwark,tomalley
846,Null,clairvoyance,lacustrine
847,Null,malaise,Diplodocus
848,Null,comedienne,meiosis
849,Null,servitude,foudroyant
850,Null,corollary,duello
851,Null,iridescent,bouffant
852,Null,impetus,ageusia
853,Null,staid,tachyon
854,Null,cutaneous,gules
855,Null,traverse,sesquipedalian
856,Null,étude,fjeld
857,Null,quince,bas-relief
858,Null,affianced,pillor
859,Null,acerbity,piccata
860,Null,gnarled,nimiety
861,Null,tungsten,expugnable
862,Null,cranium,tomography
863,Null,cyclone,rhizome
864,Null,archaism,deleterious
865,Null,inimical,isagoge
866,Null,hydroponic,lokelani
867,Null,vineyard,profligacy
868,Null,equivalent,effleurage
869,Null,usurper,Wensleydale
870,Null,commodious,ikat
871,Null,kaleidoscope,élan
872,Null,combustible,psoriasis
873,Null,interrogative,yosenabe
874,Null,portentous,chastushka
875,Null,phraseology,erubescent
876,Null,austere,pylorus
877,Null,gluttonous,breviloquence
878,Null,factorial,bavardage
879,Null,scullery,funori
880,Null,nepotism,bergère
881,Null,caramel,estovers
882,Null,severance,erythroblast
883,Null,gypsum,kalimba
884,Null,dolma,coulibiac
885,Null,tiramisu,piloncillo
886,Null,truffle,Erewhonian
887,Null,pecuniary,rembrandt
888,Null,financier,maillot
889,Null,polypeptide,illative
890,Null,sapphire,xyloglyphy
891,Null,exaggerate,xiphias
892,Null,varicella,rhyton
893,Null,cornea,bonspiel
894,Null,wildebeest,epenthesis
895,Null,wushu,betony
896,Null,prevenient,Aramaic
897,Null,enoki,étouffée
898,Null,tonsillitis,orogeny
899,Null,resilience,hackamore
900,Null,asado,hinoki
901,Null,contradictory,bêtise
902,Null,Edenic,anathema
903,Null,profundity,OR etouffee
904,Null,thoracic,Pepysian
905,Null,apiary,blancmange
906,Null,limpa,nonpareil
907,Null,penitentiary,transience
908,Null,tributary,basilica
909,Null,mantra,degauss
910,Null,proviso,esplanade
911,Null,ronin,simulacrum
912,Null,adolescence,nyctinasty
913,Null,umbrage,frison
914,Null,laudatory,rajpramukh
915,Null,escarole,tussock
916,Null,netiquette,gesellschaft
917,Null,tropical,cnidarian
918,Null,menagerie,pointelle
919,Null,crustaceans,flavedo
920,Null,jitney,Chalcolithic
921,Null,nanotechnology,lanolated
922,Null,paucity,tamari
923,Null,pontiff,capotasto
924,Null,hallucinate,vinaigrette
925,Null,bubonic,maquillage
926,Null,wattage,rinceau
927,Null,bureau,linnet
928,Null,doldrums,arenaceous
929,Null,omniscient,Panagia
930,Null,opprobrious,tinnient
931,Null,sartorial,mortadella
932,Null,papillon,filar
933,Null,burglarious,embouchure
934,Null,slumgullion,panettone
935,Null,capacity,nockerl
936,Null,nocturnal,aioli
937,Null,escarpment,stanchion
938,Null,vertigo,bhangra
939,Null,cryptozoa,plangency
940,Null,valedictorian,tmesis
941,Null,sewage,rhabdoid
942,Null,redolent,pochoir
943,Null,Celsius,spirulina
944,Null,accumulate,risorgimento
945,Null,preponderance,apocryphal
946,Null,auspices,clerihew
947,Null,epoxy,apodyterium
948,Null,vendage,glyceraldehyde
949,Null,dialysis,eleemosynary
950,Null,deltoidal,agalma
951,Null,bruxism,tamarack
952,Null,elaborative,tsukupin
953,Null,discreetly,apoplexy
954,Null,entente,hagiographer
955,Null,humidistat,force majeure
956,Null,opulent,analgesia
957,Null,psychoanalysis,puerilely
958,Null,proprietary,katakana
959,Null,sieve,verdure
960,Null,boomslang,syncope
961,Null,sardonic,ossicle
962,Null,paramecium,dengue
963,Null,calendar,obloquy
964,Null,**nascent,Parmentier
965,Null,trounce,fait accompli
966,Null,circuitous,icosahedron
967,Null,braille,anemone
968,Null,monochrome,cantatrice
969,Null,reiterate,dhole
970,Null,OR naissant,rugose
971,Null,hydrophobia,dreikanter
972,Null,ingot,goanna
973,Null,brethren,alpargata
974,Null,inclement,emollient
975,Null,justiciable,**budgerigar
976,Null,pageantry,brume
977,Null,sandal,penicillin
978,Null,nubuck,wassail
979,Null,tympanum,disembogue
980,Null,celery,parquet
981,Null,vernal,OR budgereegah
982,Null,vinegar,hiortdahlite
983,Null,pashmina,pendeloque
984,Null,jocularity,ammonite
985,Null,fisticuffs,luculent
986,Null,idiosyncratic,dhurrie
987,Null,aardvark,OR budgerygah
988,Null,fiduciary,extravasate
989,Null,utilitarian,beelzebub
990,Null,unfurl,tanager
991,Null,propinquity,expatiate
992,Null,burgoo,lapidary
993,Null,census,outré
994,Null,emulsify,incunabula
995,Null,millivolt,rhinorrhagia
996,Null,calculator,Null
997,Null,epidermis,Null
998,Null,occupancy,Null
999,Null,stagflation,Null
1000,Null,lorikeet,Null
1001,Null,herringbone,Null
1002,Null,corduroy,Null
1003,Null,carriage,Null
1004,Null,coriander,Null
1005,Null,brontophobia,Null
1006,Null,malfeasance,Null
1007,Null,orchestra,Null
1008,Null,encore,Null
1009,Null,abstemious,Null
1010,Null,amnesty,Null
1011,Null,macrobiotics,Null
1012,Null,sequential,Null
1013,Null,phlox,Null
1014,Null,hollyhock,Null
1015,Null,echinoderm,Null
1016,Null,condensation,Null
1017,Null,glareous,Null
1018,Null,intersperse,Null
1019,Null,tractability,Null
1020,Null,qualms,Null
1021,Null,optimum,Null
1022,Null,aqueduct,Null
1023,Null,rejuvenate,Null
1024,Null,numerology,Null
1025,Null,montage,Null
1026,Null,mosaic,Null
1027,Null,pathogen,Null
1028,Null,ferret,Null
1029,Null,tubular,Null
1030,Null,Paleozoic,Null
1031,Null,compendium,Null
1032,Null,centipede,Null
1033,Null,acrostic,Null
1034,Null,widdershins,Null
1035,Null,dodecahedron,Null
1036,Null,funnel,Null
1037,Null,unmoored,Null
1038,Null,attendee,Null
1039,Null,anthropology,Null
1040,Null,hostile,Null
1041,Null,rictus,Null
1042,Null,syndicate,Null
1043,Null,yardang,Null
1044,Null,nomenclature,Null
1045,Null,cruciferous,Null
1046,Null,subsequent,Null
1047,Null,vengeance,Null
1048,Null,chrysalis,Null
1049,Null,fluctuation,Null
1050,Null,botany,Null
1051,Null,macchiato,Null
1052,Null,whet,Null
1053,Null,modular,Null
1054,Null,bethesda,Null
1055,Null,flabbergast,Null
1056,Null,Holocaust,Null
1057,Null,ancillary,Null
1058,Null,blatant,Null
1059,Null,kleptocrat,Null
1060,Null,cartilage,Null
1061,Null,accolade,Null
1062,Null,augment,Null
1063,Null,toile,Null
1064,Null,pyramid,Null
1065,Null,neuropathy,Null
1066,Null,coeval,Null
1067,Null,connivery,Null
1068,Null,acoustic,Null
1069,Null,plaudits,Null
1070,Null,terminus,Null
1071,Null,surrealist,Null
1072,Null,curio,Null
1073,Null,impresario,Null
1074,Null,eruption,Null
1075,Null,serenade,Null
1076,Null,agitation,Null
1077,Null,secession,Null
1078,Null,ombudsman,Null
1079,Null,bruschetta,Null
1080,Null,auburn,Null
1081,Null,heptad,Null
1082,Null,tremulous,Null
1083,Null,digression,Null
1084,Null,hydrant,Null
1085,Null,dictum,Null
1086,Null,virtually,Null
1087,Null,engineer,Null
1088,Null,scythe,Null
1089,Null,intricate,Null
1090,Null,zeppelin,Null
1091,Null,premonition,Null
1092,Null,glissando,Null
1093,Null,pilcrow,Null
1094,Null,duplicitous,Null
1095,Null,annotate,Null
1096,Null,superficiality,Null
1097,Null,stereotypical,Null
1098,Null,stomach,Null
1099,Null,porosity,Null
1100,Null,protectorate,Null
1101,Null,vehemence,Null
1102,Null,marooned,Null
1103,Null,bergamot,Null
1104,Null,demonstrative,Null
1105,Null,tandoori,Null
1106,Null,placards,Null
1107,Null,fervorous,Null
1108,Null,**volary,Null
1109,Null,telepathic,Null
1110,Null,megalomaniac,Null
1111,Null,succumb,Null
1112,Null,corral,Null
1113,Null,septennial,Null
1114,Null,OR volery,Null
1115,Null,banquet,Null
1116,Null,posse,Null
1117,Null,fervently,Null
1118,Null,credulity,Null
1119,Null,hypotenuse,Null
1120,Null,follicle,Null
1121,Null,upbraid,Null
1122,Null,declension,Null
1123,Null,divestiture,Null
1124,Null,dissonance,Null
1125,Null,emancipatory,Null
1126,Null,brochure,Null
1127,Null,pancreas,Null
1128,Null,berserk,Null
1129,Null,roseola,Null
1130,Null,shoji,Null
1131,Null,supine,Null
1132,Null,grotesqueness,Null
1133,Null,expunge,Null
1134,Null,cathedral,Null
1135,Null,installation,Null
1136,Null,auditorium,Null
1137,Null,fracas,Null
1138,Null,privatim,Null
1139,Null,maize,Null
1140,Null,deciduous,Null
1141,Null,harbinger,Null
1142,Null,reconcilable,Null
1143,Null,disrepair,Null
1144,Null,eradicate,Null
1145,Null,metastasize,Null
1146,Null,baleen,Null
1147,Null,raptatorial,Null
1148,Null,evaluate,Null
1149,Null,photogenic,Null
1150,Null,krypton,Null
1151,Null,quintessential,Null
1152,Null,Einstein,Null
1153,Null,sobriety,Null
1154,Null,mastodon,Null
1155,Null,rehearsal,Null
1156,Null,ethanol,Null
1157,Null,pollutant,Null
1158,Null,municipal,Null
1159,Null,manumit,Null
1160,Null,denticulate,Null
1161,Null,irritability,Null
1162,Null,quadriceps,Null
1163,Null,brouhaha,Null
1164,Null,adversaria,Null
1165,Null,dentifrice,Null
1166,Null,supplicate,Null
1167,Null,vainglorious,Null
1168,Null,tachycardia,Null
1169,Null,pedantry,Null
1170,Null,turbinado,Null
1171,Null,collegiality,Null
1172,Null,torsion,Null
1173,Null,ataxia,Null
1174,Null,triceratops,Null
1175,Null,performance,Null
1176,Null,equivocate,Null
1177,Null,mahogany,Null
1178,Null,documentary,Null
1179,Null,capillary,Null
1180,Null,flambé,Null
1181,Null,clemency,Null
1182,Null,fission,Null
1183,Null,moribund,Null
1184,Null,bromide,Null
1185,Null,disposition,Null
1186,Null,patronymic,Null
1187,Null,backgammon,Null
1188,Null,boondoggle,Null
1189,Null,recriminatory,Null
1190,Null,algae,Null
1191,Null,remonstrance,Null
1192,Null,odometer,Null
1193,Null,intuitable,Null
1194,Null,phylum,Null
1195,Null,subaqueous,Null
1196,Null,reminiscent,Null
1197,Null,smithereens,Null
1198,Null,uvula,Null
1199,Null,divvy,Null
1200,Null,hypochondria,Null
1201,Null,recusancy,Null
1202,Null,menial,Null
1203,Null,curator,Null
1204,Null,enumerated,Null
1205,Null,fatuously,Null
1206,Null,obstetrician,Null
1207,Null,retrocedence,Null
1208,Null,Moroccan,Null
1209,Null,judicious,Null
1210,Null,desertification,Null
1211,Null,fraudulent,Null
1212,Null,replete,Null
1213,Null,cauterize,Null
1214,Null,clearance,Null
1215,Null,vice versa,Null
1216,Null,quirky,Null
1217,Null,necessity,Null
1218,Null,raucous,Null
1219,Null,immolate,Null
1220,Null,assure,Null
1221,Null,exercise,Null
1222,Null,arraign,Null
1223,Null,piety,Null
1224,Null,Brandywine,Null
1225,Null,résumé,Null
1226,Null,compatriots,Null
1227,Null,civet,Null
1228,Null,elegant,Null
1229,Null,veritable,Null
1230,Null,surreptitious,Null
1231,Null,extensive,Null
1232,Null,liaise,Null
1233,Null,pancetta,Null
1234,Null,minacious,Null
1235,Null,sashay,Null
1236,Null,surplus,Null
1237,Null,transcend,Null
1238,Null,quotidian,Null
1239,Null,waiver,Null
1240,Null,vindictive,Null
1241,Null,sciatica,Null
1242,Null,impediment,Null
1243,Null,freneticism,Null
1244,Null,matriculation,Null
1245,Null,decennial,Null
1246,Null,implacable,Null
1247,Null,discomfiture,Null
1248,Null,revenant,Null
1249,Null,merino,Null
1250,Null,revulsive,Null
1251,Null,dynamite,Null
1252,Null,logarithmic,Null
1253,Null,emphysema,Null
1254,Null,topgallant,Null
1255,Null,pestilence,Null
1256,Null,gaucho,Null
1257,Null,Gemini,Null
1258,Null,regicide,Null
1259,Null,stridency,Null
1260,Null,clandestine,Null
1261,Null,mordant,Null
1262,Null,capsule,Null
1263,Null,retinol,Null
1264,Null,hubris,Null
1265,Null,acetone,Null
1266,Null,genealogical,Null
1267,Null,posthumous,Null
1268,Null,tragedian,Null
1269,Null,corpulent,Null
1270,Null,hibernaculum,Null
1271,Null,cerebellum,Null
1272,Null,pomposity,Null
1273,Null,QWERTY,Null
1274,Null,fajitas,Null
1275,Null,potpourri,Null
1276,Null,bandicoot,Null
1277,Null,pantomime,Null
1278,Null,neonatology,Null
1279,Null,foosball,Null
1280,Null,felonious,Null
1281,Null,pallor,Null
1282,Null,malinger,Null
1283,Null,prima donna,Null
1284,Null,pituitary,Null
1285,Null,accentuate,Null
1286,Null,palatial,Null
1287,Null,Yorkshire,Null
1288,Null,parliamentary,Null
1289,Null,praxis,Null
1290,Null,fleetness,Null
1291,Null,ascension,Null
1292,Null,Mecca,Null
1293,Null,Belgravia,Null
1294,Null,rebarbative,Null
1295,Null,Tinseltown,Null
1296,Null,anonymity,Null
1297,Null,venue,Null
1298,Null,albeit,Null
1299,Null,casserole,Null
1300,Null,olympiad,Null
1301,Null,sorrel,Null
1302,Null,carcinogenic,Null
1303,Null,microfiche,Null
1304,Null,vermicide,Null
1305,Null,semester,Null
1306,Null,crocodile,Null
1307,Null,McCoy,Null
1308,Null,detritus,Null
1309,Null,quadrilateral,Null
1310,Null,echelon,Null
1311,Null,sacrament,Null
1312,Null,venerable,Null
1313,Null,histrionics,Null
1314,Null,anorak,Null
1315,Null,turpentine,Null
1316,Null,supremacy,Null
1317,Null,terra-cotta,Null
1318,Null,chemise,Null
1319,Null,cashier,Null
1320,Null,enviable,Null
1321,Null,cellophane,Null
1322,Null,clowder,Null
1323,Null,moratorium,Null
1324,Null,campanology,Null
1325,Null,polysemy,Null
1326,Null,extrapolate,Null
1327,Null,indulgent,Null
1328,Null,occultation,Null
1329,Null,cognizant,Null
1330,Null,persuasible,Null
1331,Null,stampede,Null
1332,Null,extinguish,Null
1333,Null,occipital,Null
1334,Null,Chihuahua,Null
1335,Null,OR *cognisant,Null
1336,Null,desultorily,Null
1337,Null,forfeit,Null
1338,Null,pilaster,Null
1339,Null,predicament,Null
1340,Null,promontory,Null
1341,Null,languish,Null
1342,Null,papyrus,Null
1343,Null,armadillo,Null
1344,Null,perceptible,Null
1345,Null,provincial,Null
1346,Null,shar-pei,Null
1347,Null,protuberant,Null
1348,Null,El Niño,Null
1349,Null,overweening,Null
1350,Null,dystopia,Null
1351,Null,antithesis,Null
1352,Null,narcoleptic,Null
1353,Null,chortle,Null
1354,Null,anchorage,Null
1355,Null,sacrosanct,Null
1356,Null,muesli,Null
1357,Null,gouge,Null
1358,Null,efface,Null
1359,Null,unscathed,Null
1360,Null,conundrum,Null
1361,Null,syringe,Null
1362,Null,crux,Null
1363,Null,salivate,Null
1364,Null,sycophant,Null
1365,Null,raclette,Null
1366,Null,debilitate,Null
1367,Null,eclipse,Null
1368,Null,wordmonger,Null
1369,Null,laity,Null
1370,Null,bellwether,Null
1371,Null,superstitious,Null
1372,Null,mittimus,Null
1373,Null,espadrille,Null
1374,Null,wobbulator,Null
1375,Null,indolent,Null
1376,Null,clarinet,Null
1377,Null,mawkish,Null
1378,Null,mellifluous,Null
1379,Null,corgi,Null
1380,Null,caffeine,Null
1381,Null,jimberjawed,Null
1382,Null,syllabus,Null
1383,Null,arithmetic,Null
1384,Null,olfactory,Null
1385,Null,pliant,Null
1386,Null,panacea,Null
1387,Null,toilsome,Null
1388,Null,animus,Null
1389,Null,depredation,Null
1390,Null,en masse,Null
1391,Null,billiards,Null
1392,Null,cabaret,Null
1393,Null,tempestuous,Null
1394,Null,trillium,Null
1395,Null,ignominious,Null
1396,Null,stroganoff,Null
1397,Null,obstreperous,Null
1398,Null,froufrou,Null
1399,Null,univocal,Null
1400,Null,Dalmatian,Null
1401,Null,auction,Null
1402,Null,procrastinate,Null
1403,Null,frabjous,Null
1404,Null,eschew,Null
1405,Null,avarice,Null
1406,Null,ufology,Null
1407,Null,assiduous,Null
1408,Null,purification,Null
1409,Null,spiracle,Null
1410,Null,ventricle,Null
1411,Null,bouclé,Null
1412,Null,cholera,Null
1413,Null,diligence,Null
1414,Null,plantain,Null
1415,Null,Formica,Null
1416,Null,inducement,Null
1417,Null,OR boucle,Null
1418,Null,**minuscule,Null
1419,Null,bodega,Null
1420,Null,aperture,Null
1421,Null,Mylar,Null
1422,Null,vanguard,Null
1423,Null,thoroughbred,Null
1424,Null,OR miniscule,Null
1425,Null,bona fide,Null
1426,Null,rhythmically,Null
1427,Null,rustication,Null
1428,Null,portrait,Null
1429,Null,potassium,Null
1430,Null,jeepney,Null
1431,Null,gustatory,Null
1432,Null,shazam,Null
1433,Null,globular,Null
1434,Null,tepidity,Null
1435,Null,peculate,Null
1436,Null,volucrine,Null
1437,Null,obliterate,Null
1438,Null,bountiful,Null
1439,Null,stellular,Null
1440,Null,meridian,Null
1441,Null,treatise,Null
1442,Null,populace,Null
1443,Null,legalese,Null
1444,Null,pantheon,Null
1445,Null,akimbo,Null
1446,Null,spontaneity,Null
1447,Null,undergird,Null
1448,Null,vetiver,Null
1449,Null,rudiments,Null
1450,Null,marimba,Null
1451,Null,derisive,Null
1452,Null,platinum,Null
1453,Null,oompah,Null
1454,Null,parameters,Null
1455,Null,monitory,Null
1456,Null,conduit,Null
1457,Null,ineluctable,Null
1458,Null,nonnegotiable,Null
1459,Null,adulation,Null
1460,Null,inflammable,Null
1461,Null,equilibrium,Null
1462,Null,bravado,Null
1463,Null,eerily,Null
1464,Null,disparate,Null
1465,Null,minutia,Null
1466,Null,pyrotechnics,Null
1467,Null,roustabout,Null
1468,Null,beneficent,Null
1469,Null,funambulist,Null
1470,Null,artifice,Null
1471,Null,anticipatory,Null
1472,Null,mollify,Null
1473,Null,trifle,Null
1474,Null,indict,Null
1475,Null,apotheosis,Null
1476,Null,cymbals,Null
1477,Null,chinook,Null
1478,Null,cohesive,Null
1479,Null,ambrosial,Null
1480,Null,epitome,Null
1481,Null,entrée,Null
1482,Null,nucleated,Null
1483,Null,indigent,Null
1484,Null,stigmata,Null
1485,Null,simultaneity,Null
1486,Null,annulment,Null
1487,Null,homeostasis,Null
1488,Null,exorbitant,Null
1489,Null,merganser,Null
1490,Null,prolix,Null
1491,Null,gastronome,Null
1492,Null,vegetarian,Null
1493,Null,calamari,Null
1494,Null,reparations,Null
1495,Null,sternum,Null
1496,Null,mitochondria,Null
1497,Null,epithet,Null
1498,Null,surimi,Null
1499,Null,prehensile,Null
1500,Null,constabulary,Null
1501,Null,par excellence,Null
1502,Null,onomatopoeia,Null
1503,Null,encroach,Null
1504,Null,besmirch,Null
1505,Null,somatotype,Null
1506,Null,speculate,Null
1507,Null,thwartwise,Null
1508,Null,lavender,Null
1509,Null,acacia,Null
1510,Null,trespass,Null
1511,Null,bizarro,Null
1512,Null,stratosphere,Null
1513,Null,tae kwon do,Null
1514,Null,tensile,Null
1515,Null,tetanus,Null
1516,Null,commandeer,Null
1517,Null,dissemble,Null
1518,Null,noxious,Null
1519,Null,fenestrated,Null
1520,Null,gaudery,Null
1521,Null,scarlatina,Null
1522,Null,bonsai,Null
1523,Null,gallant,Null
1524,Null,arbitrary,Null
1525,Null,lugubrious,Null
1526,Null,luxuriate,Null
1527,Null,ciao,Null
1528,Null,university,Null
1529,Null,intensify,Null
1530,Null,quasar,Null
1531,Null,isosceles,Null
1532,Null,cavalcade,Null
1533,Null,genome,Null
1534,Null,celestial,Null
1535,Null,hurriedly,Null
1536,Null,Podunk,Null
1537,Null,hoity-toity,Null
1538,Null,gladiatorial,Null
1539,Null,inviolable,Null
1540,Null,preposterous,Null
1541,Null,corrosive,Null
1542,Null,seize,Null
1543,Null,Mesopotamian,Null
1544,Null,machination,Null
1545,Null,contrite,Null
1546,Null,extant,Null
1547,Null,afghan,Null
1548,Null,pathos,Null
1549,Null,Muzak,Null
1550,Null,pugnacious,Null
1551,Null,patrician,Null
1552,Null,cogently,Null
1553,Null,odontiasis,Null
1554,Null,equinox,Null
1555,Null,vicinity,Null
1556,Null,peruse,Null
1557,Null,enervate,Null
1558,Null,auricular,Null
1559,Null,stratification,Null
1560,Null,prosperous,Null
1561,Null,merely,Null
1562,Null,alluvial,Null
1563,Null,turophile,Null
1564,Null,settee,Null
1565,Null,tomahawk,Null
1566,Null,sclerosis,Null
1567,Null,abominable,Null
1568,Null,epicurean,Null
1569,Null,Patagonia,Null
1570,Null,legitimately,Null
1571,Null,artesian,Null
1572,Null,ablaut,Null
1573,Null,procedure,Null
1574,Null,derelict,Null
1575,Null,vanquish,Null
1576,Null,inoculate,Null
1577,Null,mendacious,Null
1578,Null,anabolic,Null
1579,Null,limpid,Null
1580,Null,revelation,Null
1581,Null,ectoplasm,Null
1582,Null,heleoplankton,Null
1583,Null,gubernatorial,Null
1584,Null,pungent,Null
1585,Null,pagoda,Null
1586,Null,ottoman,Null
1587,Null,fiscal,Null
1588,Null,epitaphs,Null
1589,Null,multivalent,Null
1590,Null,mandrill,Null
1591,Null,establishment,Null
1592,Null,logographic,Null
1593,Null,oblige,Null
1594,Null,solitaire,Null
1595,Null,artillery,Null
1596,Null,gibbous,Null
1597,Null,ruminate,Null
1598,Null,armistice,Null
1599,Null,viscount,Null
1600,Null,dishevel,Null
1601,Null,quotient,Null
1602,Null,extracurricular,Null
1603,Null,sympathy,Null
1604,Null,cryogenic,Null
1605,Null,plague,Null
1606,Null,Limburger,Null
1607,Null,ricotta,Null
1608,Null,punctuation,Null
1609,Null,puniness,Null
1610,Null,catalyst,Null
1611,Null,preferential,Null
1612,Null,tuffet,Null
1613,Null,guttural,Null
1614,Null,nautilus,Null
1615,Null,lingua franca,Null
1616,Null,thespian,Null
1617,Null,bazooka,Null
1618,Null,epact,Null
1619,Null,atrocious,Null
1620,Null,thievery,Null
1621,Null,triforium,Null
1622,Null,submersible,Null
1623,Null,complacency,Null
1624,Null,abstruse,Null
1625,Null,vivacious,Null
1626,Null,dragoon,Null
1627,Null,**déjà vu,Null
1628,Null,extemporaneous,Null
1629,Null,kraken,Null
1630,Null,nephrolith,Null
1631,Null,xenoglossy,Null
1632,Null,yuzu,Null
1633,Null,OR déjà vue,Null
1634,Null,ungetatable,Null
1635,Null,stanzaic,Null
1636,Null,adipose,Null
1637,Null,smorgasbord,Null
1638,Null,ritziness,Null
1639,Null,calabash,Null
1640,Null,unilaterally,Null
1641,Null,putrescent,Null
1642,Null,quorum,Null
1643,Null,electrode,Null
1644,Null,gazette,Null
1645,Null,**chute,Null
1646,Null,ordinance,Null
1647,Null,nostalgia,Null
1648,Null,pharynx,Null
1649,Null,sporadically,Null
1650,Null,continuum,Null
1651,Null,OR shute,Null
1652,Null,ursine,Null
1653,Null,dechlorinate,Null
1654,Null,epistolary,Null
1655,Null,sudation,Null
1656,Null,pachyderm,Null
1657,Null,impermeable,Null
1658,Null,arduous,Null
1659,Null,unconscionable,Null
1660,Null,pursuit,Null
1661,Null,cytoplasm,Null
1662,Null,symposium,Null
1663,Null,trepidation,Null
1664,Null,carnitas,Null
1665,Null,Pembroke,Null
1666,Null,esoteric,Null
1667,Null,affectionately,Null
1668,Null,floribunda,Null
1669,Null,collision,Null
1670,Null,bulgogi,Null
1671,Null,liquefaction,Null
1672,Null,grapheme,Null
1673,Null,Pulitzer,Null
1674,Null,salience,Null
1675,Null,scarab,Null
1676,Null,fibromyalgia,Null
1677,Null,palazzo,Null
1678,Null,trigonometry,Null
1679,Null,vitreous,Null
1680,Null,molasses,Null
1681,Null,veganism,Null
1682,Null,terrier,Null
1683,Null,miasma,Null
1684,Null,alloy,Null
1685,Null,wraith,Null
1686,Null,classical,Null
1687,Null,humerus,Null
1688,Null,captivated,Null
1689,Null,concoct,Null
1690,Null,Belgium,Null
1691,Null,insulin,Null
1692,Null,fungible,Null
1693,Null,vagabonds,Null
1694,Null,onus,Null
1695,Null,modicum,Null
1696,Null,audacious,Null
1697,Null,phlegmatic,Null
1698,Null,Gothamite,Null
1699,Null,variegated,Null
1700,Null,precursor,Null
1701,Null,javelin,Null
1702,Null,exasperate,Null
1703,Null,spasmodic,Null
1704,Null,affable,Null
1705,Null,volition,Null
1706,Null,mochi,Null
1707,Null,spoonerism,Null
1708,Null,Mandarin,Null
1709,Null,bouquet,Null
1710,Null,dopamine,Null
1711,Null,gossamer,Null
1712,Null,feign,Null
1713,Null,complicit,Null
1714,Null,Kelvin,Null
1715,Null,denizen,Null
1716,Null,pitiful,Null
1717,Null,vincible,Null
1718,Null,dementia,Null
1719,Null,gyrocopter,Null
1720,Null,vellum,Null
1721,Null,duopoly,Null
1722,Null,ammunition,Null
1723,Null,factitious,Null
1724,Null,voilà,Null
1725,Null,**medieval,Null
1726,Null,enunciate,Null
1727,Null,alpinist,Null
1728,Null,pariah,Null
1729,Null,sculpture,Null
1730,Null,OR voila,Null
1731,Null,OR mediaeval,Null
1732,Null,tarsier,Null
1733,Null,abracadabra,Null
1734,Null,prodigious,Null
1735,Null,annuity,Null
1736,Null,habanero,Null
1737,Null,licensure,Null
1738,Null,autodidact,Null
1739,Null,plethora,Null
1740,Null,denominator,Null
1741,Null,quid pro quo,Null
1742,Null,Francophone,Null
1743,Null,Herculean,Null
1744,Null,parable,Null
1745,Null,rappelled,Null
1746,Null,prorogue,Null
1747,Null,curmudgeon,Null
1748,Null,convivium,Null
1749,Null,pilgrimages,Null
1750,Null,rowan,Null
1751,Null,conceit,Null
1752,Null,fecund,Null
1753,Null,cushion,Null
1754,Null,atrium,Null
1755,Null,oriel,Null
1756,Null,tripartite,Null
1757,Null,tapas,Null
1758,Null,laceration,Null
1759,Null,tutelage,Null
1760,Null,italicization,Null
1761,Null,preeminent,Null
1762,Null,Bohemian,Null
1763,Null,sediment,Null
1764,Null,nexus,Null
1765,Null,domiciled,Null
1766,Null,preliminary,Null
1767,Null,alfresco,Null
1768,Null,succinct,Null
1769,Null,emulate,Null
1770,Null,decor,Null
1771,Null,theorem,Null
1772,Null,echoed,Null
1773,Null,loquacious,Null
1774,Null,inquietude,Null
1775,Null,caveat,Null
1776,Null,OR décor,Null
1777,Null,accrual,Null
1778,Null,reticulated,Null
1779,Null,prosthetic,Null
1780,Null,compunction,Null
1781,Null,doubloons,Null
1782,Null,duchy,Null
1783,Null,grandeur,Null
1784,Null,authenticate,Null
1785,Null,latency,Null
1786,Null,decumbiture,Null
1787,Null,oscillation,Null
1788,Null,enzyme,Null
1789,Null,quandary,Null
1790,Null,ornithology,Null
1791,Null,sanctimonious,Null
1792,Null,racketeer,Null
1793,Null,Vatican,Null
1794,Null,dinero,Null
1795,Null,equanimity,Null
1796,Null,apropos,Null
1797,Null,peremptory,Null
1798,Null,solder,Null
1799,Null,fucoid,Null
1800,Null,comestibles,Null
1801,Null,thermos,Null
1802,Null,pessimum,Null
1803,Null,infarction,Null
1804,Null,interim,Null
1805,Null,parley,Null
1806,Null,stenographer,Null
1807,Null,acrylics,Null
1808,Null,amateurish,Null
1809,Null,cedar,Null
1810,Null,definiendum,Null
1811,Null,meningitis,Null
1812,Null,mezzanine,Null
1813,Null,imminent,Null
1814,Null,**intransigent,Null
1815,Null,udon,Null
1816,Null,***dandle,Null
1817,Null,nutation,Null
1818,Null,lozenge,Null
1819,Null,hieroglyphics,Null
1820,Null,OR intransigeant,Null
1821,Null,gourd,Null
1822,Null,effete,Null
1823,Null,nutria,Null
1824,Null,tedious,Null
1825,Null,oculus,Null
1826,Null,tyrannical,Null
1827,Null,verbatim,Null
1828,Null,Antigua,Null
1829,Null,sedge,Null
1830,Null,resonate,Null
1831,Null,dubiously,Null
1832,Null,pearlescent,Null
1833,Null,joule,Null
1834,Null,vaudeville,Null
1835,Null,capstan,Null
1836,Null,suspicion,Null
1837,Null,mariposa,Null
1838,Null,tautology,Null
1839,Null,niacin,Null
1840,Null,frisket,Null
1841,Null,vicarious,Null
1842,Null,repudiate,Null
1843,Null,teleology,Null
1844,Null,misconstrue,Null
1845,Null,courage,Null
1846,Null,brockage,Null
1847,Null,alate,Null
1848,Null,emporium,Null
1849,Null,bowyer,Null
1850,Null,sagacious,Null
1851,Null,arabesque,Null
1852,Null,malapropism,Null
1853,Null,victimology,Null
1854,Null,Victorian,Null
1855,Null,infatuation,Null
1856,Null,mammalian,Null
1857,Null,cylindrical,Null
1858,Null,pelf,Null
1859,Null,ibex,Null
1860,Null,forestallment,Null
1861,Null,abysmal,Null
1862,Null,tranquil,Null
1863,Null,tephra,Null
1864,Null,aqueous,Null
1865,Null,cudgel,Null
1866,Null,Iberian,Null
1867,Null,chambray,Null
1868,Null,behemoth,Null
1869,Null,lackadaisical,Null
1870,Null,Dianthus,Null
1871,Null,bicameral,Null
1872,Null,fluency,Null
1873,Null,rhombus,Null
1874,Null,equestrian,Null
1875,Null,silhouette,Null
1876,Null,olingo,Null
1877,Null,irrigation,Null
1878,Null,invective,Null
1879,Null,revendicate,Null
1880,Null,nominal,Null
1881,Null,dismal,Null
1882,Null,Halifax,Null
1883,Null,labradoodle,Null
1884,Null,occur,Null
1885,Null,jonquil,Null
1886,Null,draconian,Null
1887,Null,consortium,Null
1888,Null,concordance,Null
1889,Null,portico,Null
1890,Null,claustrophobia,Null
1891,Null,pensive,Null
1892,Null,trebuchet,Null
1893,Null,tuition,Null
1894,Null,huerta,Null
1895,Null,corsage,Null
1896,Null,idyllic,Null
1897,Null,quarantine,Null
1898,Null,ransom,Null
1899,Null,multifarious,Null
1900,Null,vascular,Null
1901,Null,smellfungus,Null
1902,Null,coralline,Null
1903,Null,schnitzel,Null
1904,Null,iambic,Null
1905,Null,unanimous,Null
1906,Null,wentletrap,Null
1907,Null,arboretum,Null
1908,Null,abhenry,Null
1909,Null,rialto,Null
1910,Null,monocle,Null
1911,Null,soporific,Null
1912,Null,serrated,Null
1913,Null,Zamboni,Null
1914,Null,chromosome,Null
1915,Null,delphinium,Null
1916,Null,apocalypse,Null
1917,Null,tupelo,Null
1918,Null,poblano,Null
1919,Null,blarney,Null
1920,Null,braggart,Null
1921,Null,obelisk,Null
1922,Null,cemetery,Null
1923,Null,cadaverous,Null
1924,Null,conclave,Null
1925,Null,diacritic,Null
1926,Null,relentlessly,Null
1927,Null,diurnal,Null
1928,Null,anticoagulant,Null
1929,Null,prowess,Null
1930,Null,Gregorian,Null
1931,Null,mephitic,Null
1932,Null,opalescence,Null
1933,Null,prejudice,Null
1934,Null,euro,Null
1935,Null,dromedary,Null
1936,Null,rebuff,Null
1937,Null,complementary,Null
1938,Null,polyglot,Null
1939,Null,bombastic,Null
1940,Null,Gouda,Null
1941,Null,squalid,Null
1942,Null,taverna,Null
1943,Null,Philistine,Null
1944,Null,velociraptor,Null
1945,Null,cistern,Null
1946,Null,endocrine,Null
1947,Null,tracheotomy,Null
1948,Null,illicitly,Null
1949,Null,dyspeptic,Null
1950,Null,puree,Null
1951,Null,exquisite,Null
1952,Null,presumptuous,Null
1953,Null,firmament,Null
1954,Null,cribbage,Null
1955,Null,inglorious,Null
1956,Null,manticore,Null
1957,Null,epsilon,Null
1958,Null,doubt,Null
1959,Null,paramountcy,Null
1960,Null,crith,Null
1961,Null,louche,Null
1962,Null,chronometer,Null
1963,Null,petroglyphs,Null
1964,Null,unkempt,Null
1965,Null,sultana,Null
1966,Null,Namibian,Null
1967,Null,avatar,Null
1968,Null,cherubic,Null
1969,Null,specious,Null
1970,Null,cursive,Null
1971,Null,agrarian,Null
1972,Null,tricenary,Null
1973,Null,grandiloquent,Null
1974,Null,wherewithal,Null
1975,Null,pumice,Null
1976,Null,binoculars,Null
1977,Null,collapsar,Null
1978,Null,triste,Null
1979,Null,armature,Null
1980,Null,inquisitor,Null
1981,Null,zodiac,Null
1982,Null,apportion,Null
1983,Null,exhibition,Null
1984,Null,interred,Null
1985,Null,maidenhair,Null
1986,Null,chemistry,Null
1987,Null,artery,Null
1988,Null,gurney,Null
1989,Null,ministrations,Null
1990,Null,legerity,Null
1991,Null,aureole,Null
1992,Null,spinosity,Null
1993,Null,demerits,Null
1994,Null,grande dame,Null
1995,Null,domesticity,Null
1996,Null,procurement,Null
1997,Null,Acadians,Null
1998,Null,prespinous,Null
1999,Null,diaspora,Null
2000,Null,verism,Null
2001,Null,episcopal,Null
2002,Null,cribo,Null
2003,Null,Gippsland,Null
2004,Null,cladistics,Null
2005,Null,pious,Null
2006,Null,dramatization,Null
2007,Null,consecrate,Null
2008,Null,colubrine,Null
2009,Null,froward,Null
2010,Null,gasiform,Null
2011,Null,borough,Null
2012,Null,nonconformist,Null
2013,Null,trituration,Null
2014,Null,immie,Null
2015,Null,ensconced,Null
2016,Null,valuator,Null
2017,Null,volatile,Null
2018,Null,château,Null
2019,Null,neoterism,Null
2020,Null,aretalogy,Null
2021,Null,cattalo,Null
2022,Null,deserter,Null
2023,Null,gnocchi,Null
2024,Null,erroneous,Null
2025,Null,interregnum,Null
2026,Null,sessile,Null
2027,Null,OR catalo,Null
2028,Null,jankers,Null
2029,Null,surety,Null
2030,Null,tam-o’-shanter,Null
2031,Null,viaticum,Null
2032,Null,du jour,Null
2033,Null,hypogeous,Null
2034,Null,Evactor,Null
2035,Null,pileus,Null
2036,Null,trillado,Null
2037,Null,homiletics,Null
2038,Null,lanceolate,Null
2040,Null,possessive,Null
2041,Null,fez,Null
2042,Null,per se,Null
2043,Null,psalmody,Null
2044,Null,bowsprit,Null
2046,Null,venial,Null
2047,Null,glengarry,Null
2048,Null,peradventure,Null
2049,Null,omnilegent,Null
2050,Null,Charon,Null
2052,Null,seton,Null
2053,Null,commissioner,Null
2054,Null,Ryeland,Null
2055,Null,princeps,Null
2056,Null,chupacabra,Null
