,Difficulty Level,Words
0,ONE,wide
1,ONE,last
2,ONE,sprung
3,ONE,china
4,ONE,bonnet
5,ONE,wallet
6,ONE,part
7,ONE,well
8,ONE,zoomed
9,ONE,stopped
10,ONE,rodeo
11,ONE,focus
12,ONE,mink
13,ONE,mess
14,ONE,large
15,ONE,also
16,ONE,salad
17,ONE,circus
18,ONE,tummy
19,ONE,left
20,ONE,closed
21,ONE,floor
22,ONE,cousin
23,ONE,aware
24,ONE,goods
25,ONE,rush
26,ONE,plates
27,ONE,frames
28,ONE,camera
29,ONE,mango
30,ONE,nook
31,ONE,gone
32,ONE,matching
33,ONE,studied
34,ONE,wrenches
35,ONE,firmly
36,ONE,jelly
37,ONE,drill
38,ONE,track
39,ONE,spikes
40,ONE,goggles
41,ONE,imagined
42,ONE,slow
43,ONE,meet
44,ONE,chart
45,ONE,speech
46,ONE,inflate
47,ONE,reveal
48,ONE,tufts
49,ONE,lid
50,ONE,bread
51,ONE,shoe
52,ONE,single
53,ONE,ached
54,ONE,cold
55,ONE,lisp
56,ONE,clock
57,ONE,prize
58,ONE,polish
59,ONE,fabric
60,ONE,lane
61,ONE,post
62,ONE,crusts
63,ONE,smug
64,ONE,dolphin
65,ONE,detour
66,ONE,son
67,ONE,bent
68,ONE,pain
69,ONE,rapids
70,ONE,skiing
71,ONE,impolite
72,ONE,same
73,ONE,mice
74,ONE,loud
75,ONE,slide
76,ONE,Texas
77,ONE,squiggles
78,ONE,much
79,ONE,rope
80,ONE,flapped
81,ONE,goals
82,ONE,mumble
83,ONE,because
84,ONE,deer
85,ONE,logs
86,ONE,cell
87,ONE,shelter
88,ONE,direct
89,ONE,teachers
90,ONE,silk
91,ONE,hat
92,ONE,cheese
93,ONE,creak
94,ONE,detail
95,ONE,ordinary
96,ONE,cove
97,ONE,swim
98,ONE,beak
99,ONE,gutter
100,ONE,alas
101,ONE,capture
102,ONE,thing
103,ONE,read
104,ONE,cog
105,ONE,booth
106,ONE,barrels
107,ONE,feline
108,ONE,try
109,ONE,upon
110,ONE,poor
111,ONE,frankly
112,ONE,clerks
113,ONE,gusto
114,ONE,duckling
115,ONE,idea
116,ONE,power
117,ONE,knot
118,ONE,forty
119,ONE,kitchen
120,ONE,mask
121,ONE,singing
122,ONE,foam
123,ONE,search
124,ONE,embers
125,ONE,hike
126,ONE,kites
127,ONE,clutch
128,ONE,crouched
129,ONE,paddles
130,ONE,car
131,ONE,feet
132,ONE,knife
133,ONE,found
134,ONE,whiskers
135,ONE,rage
136,ONE,must
137,ONE,place
138,ONE,gloves
139,ONE,condition
140,ONE,gift
141,ONE,turning
142,ONE,oil
143,ONE,pretty
144,ONE,slumped
145,ONE,very
146,ONE,wanted
147,ONE,gushed
148,ONE,baskets
149,ONE,blurted
150,ONE,gradual
151,ONE,bedlam
152,ONE,gargantuan
153,ONE,gimmick
154,ONE,monopolize
155,ONE,target
156,ONE,ferocious
157,ONE,shortfall
158,ONE,salsa
159,ONE,flannel
160,ONE,water
161,ONE,angora
162,ONE,frequently
163,ONE,cowlick
164,ONE,chaotic
165,ONE,cucumber
166,ONE,marathon
167,ONE,snippet
168,ONE,permission
169,ONE,opinionated
170,ONE,shrimp
171,ONE,McMansion
172,ONE,omission
173,ONE,ascribe
174,ONE,towel
175,ONE,slogan
176,ONE,mandate
177,ONE,janitor
178,ONE,newbie
179,ONE,hodgepodge
180,ONE,sundae
181,ONE,triumphant
182,ONE,turret
183,ONE,lionize
184,ONE,spreadsheet
185,ONE,verbiage
186,ONE,ornament
187,ONE,parenthetic
188,ONE,pigeon
189,ONE,headdress
190,ONE,badger
191,ONE,nephew
192,ONE,rooster
193,ONE,listener
194,ONE,satellite
195,ONE,ludicrous
196,ONE,fortification
197,ONE,imbibe
198,ONE,scold
199,ONE,guardian
200,ONE,parasite
201,ONE,pear
202,ONE,hydra
203,ONE,savvy
204,ONE,organza
205,ONE,dwindled
206,ONE,favorite
207,ONE,system
208,ONE,grouse
209,ONE,reckon
210,ONE,fragile
211,ONE,fraught
212,ONE,favourite
213,ONE,pedigree
214,ONE,manta
215,ONE,boorish
216,ONE,galaxy
217,ONE,sturdy
218,ONE,cascade
219,ONE,empty
220,ONE,astonish
221,ONE,tarmac
222,ONE,complaint
223,ONE,treadmill
224,ONE,dandelion
225,ONE,amulet
226,ONE,fashionista
227,ONE,iteration
228,ONE,curries
229,ONE,originate
230,ONE,famous
231,ONE,guess
232,ONE,stubble
233,ONE,nurture
234,ONE,tennis
235,ONE,forfend
236,ONE,pristine
237,ONE,magician
238,ONE,genius
239,ONE,volcano
240,ONE,grumbling
241,ONE,forefend
242,ONE,golden
243,ONE,carrot
244,ONE,nuance
245,ONE,forensics
246,ONE,garlic
247,ONE,eavesdrop
248,ONE,modesty
249,ONE,meteor
250,ONE,stencil
251,ONE,miraculous
252,ONE,hula
253,ONE,January
254,ONE,amphibian
255,ONE,distraught
256,ONE,penguin
257,ONE,trendy
258,ONE,reactionary
259,ONE,scruple
260,ONE,jealousy
261,ONE,freight
262,ONE,freckle
263,ONE,permafrost
264,ONE,muscular
265,ONE,moxie
266,ONE,remedial
267,ONE,honeybee
268,ONE,blooper
269,ONE,iceberg
270,ONE,drizzle
271,ONE,winnow
272,ONE,vouch
273,ONE,blemish
274,ONE,misconception
275,ONE,cactus
276,ONE,accurate
277,ONE,incentive
278,ONE,trivia
279,ONE,crumpet
280,ONE,lambkin
281,ONE,nationalism
282,ONE,studio
283,ONE,admirer
284,ONE,shoulder
285,ONE,blizzard
286,ONE,chowder
287,ONE,leeway
288,ONE,illusionist
289,ONE,emotional
290,ONE,zebra
291,ONE,squirm
292,ONE,sunflower
293,ONE,pilferer
294,ONE,genetic
295,ONE,chia
296,ONE,butterscotch
297,ONE,harmonious
298,ONE,lambasted
299,ONE,rollicking
300,ONE,levity
301,ONE,raspberry
302,ONE,apron
303,ONE,lawyer
304,ONE,volumetric
305,ONE,quart
306,ONE,moisture
307,ONE,bogus
308,ONE,beagle
309,ONE,valiant
310,ONE,flattery
311,ONE,lactose
312,ONE,toughness
313,ONE,recoup
314,ONE,kidney
315,ONE,purse
316,ONE,simmer
317,ONE,domineering
318,ONE,tasteless
319,ONE,bookworm
320,ONE,wistful
321,ONE,raisin
322,ONE,whisk
323,ONE,onion
324,ONE,astute
325,ONE,veteran
326,ONE,raven
327,ONE,trumpet
328,ONE,bathtub
329,ONE,abandon
330,ONE,turtle
331,ONE,erase
332,ONE,fructose
333,ONE,bias
334,ONE,fantastically
335,ONE,vault
336,ONE,Pinkerton
337,ONE,downcast
338,ONE,Amazon
339,ONE,lettuce
340,ONE,failure
341,ONE,junior
342,ONE,fortune
343,ONE,spinal
344,ONE,companion
345,ONE,shamrock
346,ONE,tolerable
347,ONE,hamlet
348,ONE,sluggard
349,ONE,demolition
350,ONE,panorama
351,ONE,Americana
352,ONE,mosquito
353,ONE,jubilant
354,ONE,thawed
355,ONE,mince
356,ONE,puzzles
357,ONE,Yankee
358,ONE,teaspoon
359,ONE,wafer
360,ONE,uncle
361,ONE,bubbly
362,ONE,scumble
363,ONE,dim sum
364,ONE,worrywart
365,ONE,software
366,ONE,dawdle
367,ONE,graham
368,ONE,extinct
369,ONE,moose
370,ONE,developer
371,ONE,factoid
372,ONE,mogul
373,ONE,headlong
374,ONE,jersey
375,ONE,cuckoo
376,ONE,shopaholic
377,ONE,marvelous
378,ONE,troll
379,ONE,timber
380,ONE,trapezoid
381,ONE,dilemma
382,ONE,magma
383,ONE,marvellous
384,ONE,kindred
385,ONE,medallion
386,ONE,dillydally
387,ONE,outrageous
388,ONE,briefcase
389,ONE,evince
390,ONE,tantrum
391,ONE,maximum
392,ONE,haggle
393,ONE,silver
394,ONE,deputy
395,ONE,season
396,ONE,science
397,ONE,clover
398,ONE,sword
399,ONE,fedora
400,ONE,mangrove
401,ONE,horizon
402,ONE,cement
403,ONE,casino
404,ONE,mastiff
405,ONE,wildcat
406,ONE,enfranchise
407,ONE,arborio
408,ONE,venomous
409,ONE,distinctive
410,ONE,cooperate
411,ONE,monstrosity
412,ONE,kiln
413,ONE,cartoon
414,ONE,plaintiff
415,ONE,mister
416,ONE,merchandise
417,ONE,sofa
418,ONE,webisode
419,ONE,dough
420,ONE,mayhem
421,ONE,warning
422,ONE,melted
423,ONE,eggplant
424,ONE,kangaroo
425,ONE,emperor
426,ONE,thicket
427,ONE,useful
428,ONE,apology
429,ONE,kosher
430,ONE,Romeo
431,ONE,utterable
432,ONE,gymnastics
433,ONE,difficult
434,ONE,carnival
435,ONE,minority
436,ONE,emerge
437,ONE,leniency
438,ONE,island
439,ONE,mischief
440,ONE,buffoonery
441,ONE,default
442,ONE,twitchy
443,ONE,frivolous
444,ONE,peacenik
445,ONE,talent
446,ONE,intellectual
447,ONE,heroic
448,ONE,arrogant
449,ONE,potato
450,ONE,ounce
451,ONE,kiwi
452,ONE,tickled
453,ONE,bombard
454,ONE,normative
455,ONE,wholehearted
456,ONE,memorandum
457,ONE,publish
458,ONE,domino
459,ONE,furtive
460,ONE,homework
461,ONE,metadata
462,ONE,bother
463,ONE,mutter
464,ONE,ignite
465,ONE,journal
466,ONE,mildew
467,ONE,farewell
468,ONE,missile
469,ONE,sedentary
470,ONE,legacy
471,ONE,tulip
472,ONE,pattern
473,ONE,hypnotic
474,ONE,munchkin
475,ONE,divine
476,ONE,splurge
477,ONE,myself
478,ONE,coffee
479,ONE,jewel
480,ONE,banana
481,ONE,lexicon
482,ONE,neigh
483,ONE,marine
484,ONE,botch
485,ONE,tangible
486,ONE,furnace
487,ONE,bristle
488,ONE,cabbage
489,ONE,cloudy
490,ONE,receptacle
491,ONE,nourish
492,ONE,foothills
493,ONE,daresay
494,ONE,erode
495,ONE,cricket
496,ONE,bagpipe
497,ONE,vulpine
498,ONE,tongue
499,ONE,owlishly
500,ONE,formalize
501,ONE,motto
502,ONE,bonfire
503,ONE,aloha
504,ONE,caterpillar
505,ONE,criminal
506,ONE,formalise
507,ONE,torch
508,ONE,abruptly
509,ONE,entrance
510,ONE,wasp
511,ONE,recipient
512,ONE,anyway
513,ONE,pamper
514,ONE,bushel
515,ONE,kindergarten
516,ONE,kudos
517,ONE,strong
518,ONE,isolation
519,ONE,pleasant
520,ONE,skedaddle
521,ONE,restaurant
522,ONE,alpha
523,ONE,canteen
524,ONE,measly
525,ONE,robin
526,ONE,toddler
527,ONE,excavating
528,ONE,shebang
529,ONE,aviation
530,ONE,apprehensive
531,ONE,historical
532,ONE,everglades
533,ONE,dodge
534,ONE,tibia
535,ONE,lucky
536,ONE,zither
537,ONE,rules
538,ONE,pellet
539,ONE,iota
540,ONE,hazelnut
541,ONE,rocket
542,ONE,invoke
543,ONE,geometric
544,ONE,klutz
545,ONE,gelato
546,ONE,votive
547,ONE,reflect
548,ONE,upshot
549,ONE,villa
550,ONE,envoy
551,ONE,hankering
552,ONE,storm
553,ONE,scent
554,ONE,climate
555,ONE,midriff
556,ONE,postpone
557,ONE,esteem
558,ONE,knack
559,ONE,restive
560,ONE,infiltrate
561,ONE,contraction
562,ONE,rabid
563,ONE,redemption
564,ONE,satisfactory
565,ONE,various
566,ONE,skirmish
567,ONE,scooter
568,ONE,teenagers
569,ONE,zygote
570,ONE,barefoot
571,ONE,giggle
572,ONE,constituent
573,ONE,acceptance
574,ONE,peat
575,ONE,lithium
576,ONE,trope
577,ONE,bowie
578,ONE,flounder
579,ONE,rugby
580,ONE,harrowing
581,ONE,docket
582,ONE,knock
583,ONE,teemed
584,ONE,cleave
585,ONE,shore
586,ONE,hobble
587,ONE,rubric
588,ONE,whittle
589,ONE,soppiness
590,ONE,millionaire
591,ONE,yippee
592,ONE,peddle
593,ONE,Hawaiian
594,ONE,joyful
595,ONE,bask
596,ONE,concrete
597,ONE,wand
598,ONE,effortless
599,ONE,pendragon
600,ONE,genuine
601,ONE,lateral
602,ONE,slurry
603,ONE,Merlin
604,ONE,moped
605,ONE,eggcorn
606,ONE,recluse
607,ONE,usher
608,ONE,heiress
609,ONE,carnation
610,ONE,groats
611,ONE,tabulate
612,ONE,shield
613,ONE,prone
614,ONE,reign
615,ONE,neaten
616,ONE,Highlands
617,ONE,cidery
618,ONE,tiger
619,ONE,selfie
620,ONE,spectral
621,ONE,depose
622,ONE,retriever
623,ONE,puritan
624,ONE,romaine
625,ONE,skydiving
626,ONE,dialect
627,ONE,frock
628,ONE,anime
629,ONE,caboodle
630,ONE,migraine
631,ONE,memes
632,ONE,heist
633,ONE,camcorder
634,ONE,regiment
635,ONE,Godspeed
636,ONE,oasis
637,ONE,nuggets
638,ONE,avenue
639,ONE,gossip
640,ONE,sterling
641,ONE,Thailand
642,ONE,navigator
643,ONE,frailty
644,ONE,pending
645,ONE,version
646,ONE,bootless
647,ONE,pepita
648,ONE,humane
649,ONE,sweltering
650,ONE,ewe
651,ONE,fluid
652,ONE,forgeable
653,ONE,lithophone
654,ONE,polenta
655,ONE,scrounge
656,ONE,stagestruck
657,ONE,vlogging
658,ONE,transmissibility
659,ONE,tai chi
660,ONE,delicacy
661,ONE,praise
662,ONE,standee
663,ONE,diversity
664,ONE,gridiron
665,ONE,parasol
666,ONE,noggin
667,ONE,scripture
668,ONE,sailage
669,ONE,spangled
670,ONE,summoned
671,ONE,screeno
672,ONE,background
673,ONE,ulna
674,ONE,yoo-hoo
675,ONE,barbie
676,ONE,applicable
677,ONE,provenance
678,ONE,thistle
679,ONE,fellowship
680,ONE,profiteer
681,ONE,delta
682,ONE,isms
683,ONE,ouster
684,ONE,althorn
685,ONE,amass
686,ONE,kernel
687,ONE,handyman
688,ONE,tentacled
689,ONE,Dudley
690,ONE,Spaniel
691,ONE,missive
692,ONE,tawny
693,ONE,stewardship
694,ONE,exude
695,ONE,dicey
696,ONE,kilt
697,ONE,jitterbug
698,ONE,scalp
699,ONE,gruel
700,ONE,bermudas
701,ONE,turken
702,ONE,whirlybird
703,ONE,kennel
704,ONE,scrapple
705,ONE,groom
706,ONE,amusement
707,ONE,riddance
708,ONE,Hungary
709,ONE,heavenly
710,ONE,nominee
711,ONE,trice
712,ONE,baptismal
713,ONE,repentant
714,ONE,welding
715,ONE,shindig
716,ONE,martial
717,ONE,brick
718,ONE,postural
719,ONE,manacle
720,ONE,aforesaid
721,ONE,melody
722,ONE,acumen
723,ONE,privet
724,ONE,refrigerant
725,ONE,Amish
726,ONE,varnish
727,ONE,membership
728,ONE,infirm
729,ONE,debunk
730,ONE,surly
731,ONE,unremitting
732,ONE,spindle
733,ONE,oblong
734,ONE,bleary
735,ONE,ballad
736,ONE,scornfully
737,ONE,condiments
738,ONE,wheedle
739,ONE,yammer
740,ONE,attitude
741,ONE,chide
742,ONE,leaven
743,ONE,vaccination
744,ONE,whelp
745,ONE,whereas
746,ONE,beseech
747,ONE,atonement
748,ONE,blurb
749,ONE,floridly
750,ONE,yonder
751,ONE,coercive
752,ONE,sunseeker
753,ONE,citation
754,ONE,elasticity
755,ONE,obsolete
756,ONE,riffraff
757,ONE,bailiff
758,ONE,cornily
759,ONE,hardtack
760,ONE,quantify
761,ONE,kodak
762,ONE,terrarium
763,ONE,optician
764,ONE,bungee
765,ONE,joinery
766,ONE,cinderella
767,ONE,punily
768,ONE,posterity
769,ONE,gelatinous
770,ONE,periwinkle
771,ONE,literally
772,ONE,league
773,ONE,Bengal
774,ONE,statusy
775,ONE,gotcha
776,ONE,entreat
777,ONE,medusa
778,ONE,repercussion
779,ONE,evacuees
780,ONE,mambo
781,ONE,capitalist
782,ONE,peninsular
783,ONE,unchristened
784,ONE,astounding
785,ONE,linguistics
786,ONE,putrid
787,ONE,respite
788,ONE,flipperling
789,ONE,buzzworthy
790,ONE,hijab
791,ONE,pulpit
792,ONE,FLOTUS
793,ONE,eighth
794,ONE,fleeciness
795,ONE,recumbent
796,ONE,donatee
797,ONE,plummet
798,ONE,insomnia
799,ONE,Shetland
800,ONE,escapade
801,ONE,tiffany
802,ONE,parvo
803,ONE,addle
804,ONE,incompetent
805,ONE,causal
806,ONE,handle
807,ONE,musketeers
808,ONE,apparel
809,ONE,Disneyfication
810,ONE,hologram
811,ONE,gumption
812,ONE,windbaggery
813,ONE,squeamish
814,ONE,congeniality
815,ONE,spiteful
816,ONE,mortician
817,ONE,proposal
818,ONE,Oceanian
819,ONE,intertidal
820,ONE,snitch
821,ONE,homesteader
822,ONE,weaponry
823,ONE,charitable
824,ONE,solitude
825,ONE,maternity
826,ONE,nitrate
827,ONE,deceitful
828,ONE,physical
829,TWO,cleat
830,TWO,scuba
831,TWO,gauze
832,TWO,canopy
833,TWO,triplicate
834,TWO,elation
835,TWO,bustling
836,TWO,trickster
837,TWO,exception
838,TWO,scrawny
839,TWO,emboldened
840,TWO,expanse
841,TWO,scarf
842,TWO,glib
843,TWO,cavity
844,TWO,classified
845,TWO,Javas
846,TWO,chai
847,TWO,surface
848,TWO,sneer
849,TWO,Neptune
850,TWO,telescope
851,TWO,biome
852,TWO,metropolis
853,TWO,Nile
854,TWO,absent
855,TWO,notification
856,TWO,fidgeting
857,TWO,Wales
858,TWO,mousse
859,TWO,scrolls
860,TWO,texture
861,TWO,ogre
862,TWO,mulberry
863,TWO,Avalon
864,TWO,contessa
865,TWO,shimmery
866,TWO,scuffle
867,TWO,simplicity
868,TWO,surrounded
869,TWO,corridor
870,TWO,acutely
871,TWO,indent
872,TWO,irregular
873,TWO,lavished
874,TWO,associated
875,TWO,cardigan
876,TWO,granules
877,TWO,sitcom
878,TWO,savor
879,TWO,archduke
880,TWO,furthermore
881,TWO,columns
882,TWO,pedestals
883,TWO,detect
884,TWO,savour
885,TWO,dingoes
886,TWO,weird
887,TWO,cubicle
888,TWO,wreaked
889,TWO,blindfolded
890,TWO,hedgehog
891,TWO,passersby
892,TWO,dependable
893,TWO,interjected
894,TWO,renowned
895,TWO,basically
896,TWO,stoats
897,TWO,nada
898,TWO,summit
899,TWO,withered
900,TWO,colleagues
901,TWO,squints
902,TWO,talons
903,TWO,Juneteenth
904,TWO,conkers
905,TWO,cambric
906,TWO,invigorating
907,TWO,s
908,TWO,inclined
909,TWO,parsnips
910,TWO,mutual
911,TWO,hackles
912,TWO,sudoku
913,TWO,clobbered
914,TWO,wardrobe
915,TWO,curtains
916,TWO,dormitories
917,TWO,faltered
918,TWO,dutifully
919,TWO,relative
920,TWO,revved
921,TWO,adorned
922,TWO,tuxedo
923,TWO,Lincoln
924,TWO,mournful
925,TWO,cringed
926,TWO,dire
927,TWO,loneliness
928,TWO,decimal
929,TWO,granite
930,TWO,professional
931,TWO,drone
932,TWO,masthead
933,TWO,caverns
934,TWO,alibi
935,TWO,radiation
936,TWO,exerts
937,TWO,rattled
938,TWO,vibrant
939,TWO,novice
940,TWO,orientation
941,TWO,wattles
942,TWO,arid
943,TWO,indie
944,TWO,wizard
945,TWO,invasions
946,TWO,inlaid
947,TWO,tartan
948,TWO,deceptively
949,TWO,eyesore
950,TWO,nudged
951,TWO,dedicated
952,TWO,cobblestone
953,TWO,surveyed
954,TWO,sustenance
955,TWO,playlist
956,TWO,Leghorn
957,TWO,symbol
958,TWO,devious
959,TWO,emitting
960,TWO,throat
961,TWO,shrine
962,TWO,reduce
963,TWO,sardine
964,TWO,preened
965,TWO,hull
966,TWO,Jamestown
967,TWO,destination
968,TWO,contraption
969,TWO,wretched
970,TWO,outright
971,TWO,pineapple
972,TWO,ostriches
973,TWO,technique
974,TWO,contorted
975,TWO,squabbling
976,TWO,crockery
977,TWO,grudgingly
978,TWO,flaxen
979,TWO,charlotte
980,TWO,hexagonal
981,TWO,unabated
982,TWO,beaucoup
983,TWO,endorphin
984,TWO,cinnamon
985,TWO,abrogate
986,TWO,litmus
987,TWO,petrifying
988,TWO,banal
989,TWO,pharmacy
990,TWO,pharaoh
991,TWO,effusive
992,TWO,seethe
993,TWO,specimen
994,TWO,seismologist
995,TWO,fondant
996,TWO,opponency
997,TWO,primitive
998,TWO,antiquarian
999,TWO,interlocutor
1000,TWO,spectacles
1001,TWO,cupola
1002,TWO,referendum
1003,TWO,fabulist
1004,TWO,phalanges
1005,TWO,machete
1006,TWO,innovator
1007,TWO,herbaceous
1008,TWO,quaver
1009,TWO,comportment
1010,TWO,bachelorette
1011,TWO,dulcet
1012,TWO,bursary
1013,TWO,tentativeness
1014,TWO,rabbinic
1015,TWO,taciturn
1016,TWO,frontier
1017,TWO,salubrious
1018,TWO,hallowed
1019,TWO,pachinko
1020,TWO,lapel
1021,TWO,sophomoric
1022,TWO,unctuous
1023,TWO,rotisserie
1024,TWO,apogee
1025,TWO,decrepitude
1026,TWO,mackerel
1027,TWO,laureate
1028,TWO,fluoride
1029,TWO,paneer
1030,TWO,hiatus
1031,TWO,redux
1032,TWO,callow
1033,TWO,Goliath
1034,TWO,moorage
1035,TWO,panir
1036,TWO,freesia
1037,TWO,dramaturgy
1038,TWO,biscuit
1039,TWO,splenetic
1040,TWO,Minotaur
1041,TWO,omnibus
1042,TWO,exoneration
1043,TWO,murmuration
1044,TWO,flourish
1045,TWO,legato
1046,TWO,intermezzo
1047,TWO,biscotti
1048,TWO,duvet
1049,TWO,Clydesdale
1050,TWO,beatific
1051,TWO,slovenly
1052,TWO,edification
1053,TWO,calibrate
1054,TWO,turpitude
1055,TWO,phonics
1056,TWO,repository
1057,TWO,aerobics
1058,TWO,vacuousness
1059,TWO,appellation
1060,TWO,platitude
1061,TWO,calisthenics
1062,TWO,dissipate
1063,TWO,paisley
1064,TWO,epilepsy
1065,TWO,duodenum
1066,TWO,nobiliary
1067,TWO,obediential
1068,TWO,accomplice
1069,TWO,contrariwise
1070,TWO,importunate
1071,TWO,valorous
1072,TWO,commerce
1073,TWO,odiferous
1074,TWO,kerchief
1075,TWO,petroleum
1076,TWO,recuperation
1077,TWO,valourous
1078,TWO,keratitis
1079,TWO,combination
1080,TWO,whimsical
1081,TWO,regalia
1082,TWO,citronella
1083,TWO,isotopic
1084,TWO,honorific
1085,TWO,torrent
1086,TWO,stamina
1087,TWO,incinerate
1088,TWO,palliative
1089,TWO,carpal
1090,TWO,honourific
1091,TWO,arsenic
1092,TWO,criteria
1093,TWO,flagon
1094,TWO,abhorrence
1095,TWO,quizzical
1096,TWO,kookaburra
1097,TWO,invertebrate
1098,TWO,reprieve
1099,TWO,incoherent
1100,TWO,personnel
1101,TWO,heliotrope
1102,TWO,napoleon
1103,TWO,bandanna
1104,TWO,consequent
1105,TWO,tercentenary
1106,TWO,vexatious
1107,TWO,squander
1108,TWO,superlative
1109,TWO,bandana
1110,TWO,contusion
1111,TWO,vituperative
1112,TWO,faux
1113,TWO,prenuptial
1114,TWO,oxygenate
1115,TWO,manipulable
1116,TWO,mulligan
1117,TWO,churlish
1118,TWO,sophisticated
1119,TWO,succulent
1120,TWO,annihilate
1121,TWO,axiomatic
1122,TWO,sabermetrics
1123,TWO,riviera
1124,TWO,nebulous
1125,TWO,bedraggled
1126,TWO,sarcophagus
1127,TWO,indefatigable
1128,TWO,elocution
1129,TWO,laconic
1130,TWO,genus
1131,TWO,rectitude
1132,TWO,surrogate
1133,TWO,ulterior
1134,TWO,dowager
1135,TWO,excision
1136,TWO,legionnaire
1137,TWO,uranium
1138,TWO,terabyte
1139,TWO,oligarchy
1140,TWO,comparison
1141,TWO,emblazoned
1142,TWO,sternutation
1143,TWO,inundate
1144,TWO,uncouth
1145,TWO,pianola
1146,TWO,diaphanous
1147,TWO,bric-a-brac
1148,TWO,subcutaneous
1149,TWO,wunderkind
1150,TWO,onerous
1151,TWO,dignify
1152,TWO,agoraphobia
1153,TWO,longitude
1154,TWO,alacrity
1155,TWO,filial
1156,TWO,macrocosm
1157,TWO,allegiance
1158,TWO,buffet
1159,TWO,maverick
1160,TWO,choreographer
1161,TWO,wearisome
1162,TWO,bulbous
1163,TWO,basaltic
1164,TWO,tortoise
1165,TWO,retrograde
1166,TWO,leguminous
1167,TWO,visage
1168,TWO,umpirage
1169,TWO,scorpion
1170,TWO,surmountable
1171,TWO,partridge
1172,TWO,ceramics
1173,TWO,fascinator
1174,TWO,heredity
1175,TWO,planetarium
1176,TWO,endure
1177,TWO,insignia
1178,TWO,mimetic
1179,TWO,testimony
1180,TWO,philharmonic
1181,TWO,ecstatic
1182,TWO,bonobo
1183,TWO,binomial
1184,TWO,luminance
1185,TWO,demographics
1186,TWO,lupine
1187,TWO,ingenuous
1188,TWO,chancellor
1189,TWO,trefoil
1190,TWO,adjective
1191,TWO,Jurassic
1192,TWO,resuscitate
1193,TWO,phonetician
1194,TWO,pauper
1195,TWO,designer
1196,TWO,elucidate
1197,TWO,myoglobin
1198,TWO,approbatory
1199,TWO,macular
1200,TWO,epoch
1201,TWO,leisure
1202,TWO,spatula
1203,TWO,frugal
1204,TWO,catalepsy
1205,TWO,simpatico
1206,TWO,dumbwaiter
1207,TWO,vague
1208,TWO,triglycerides
1209,TWO,achromatic
1210,TWO,labyrinthine
1211,TWO,adhesion
1212,TWO,allergenic
1213,TWO,wharf
1214,TWO,stalwart
1215,TWO,miscible
1216,TWO,notoriety
1217,TWO,rennet
1218,TWO,vocabulary
1219,TWO,altercation
1220,TWO,bumptious
1221,TWO,soprano
1222,TWO,subterranean
1223,TWO,pinnacle
1224,TWO,vassal
1225,TWO,fratority
1226,TWO,farcical
1227,TWO,cutis
1228,TWO,aubergine
1229,TWO,avalanche
1230,TWO,panary
1231,TWO,cataclysmic
1232,TWO,ghastly
1233,TWO,hyrax
1234,TWO,jalapeño
1235,TWO,cadge
1236,TWO,tangerine
1237,TWO,metatarsal
1238,TWO,parkour
1239,TWO,truncheon
1240,TWO,attributive
1241,TWO,exodus
1242,TWO,pervasive
1243,TWO,bereavement
1244,TWO,fealty
1245,TWO,educand
1246,TWO,plutonomy
1247,TWO,philosophize
1248,TWO,haphazard
1249,TWO,carbohydrates
1250,TWO,perilous
1251,TWO,Realtor
1252,TWO,lobotomy
1253,TWO,Requiem
1254,TWO,legislature
1255,TWO,sesame
1256,TWO,steroid
1257,TWO,billabong
1258,TWO,assumption
1259,TWO,glitterati
1260,TWO,shenanigans
1261,TWO,palatable
1262,TWO,gullibility
1263,TWO,bariatrics
1264,TWO,entrepreneur
1265,TWO,transference
1266,TWO,inclusion
1267,TWO,gratis
1268,TWO,tarantula
1269,TWO,throughout
1270,TWO,besieged
1271,TWO,uveal
1272,TWO,physicists
1273,TWO,nonvolatile
1274,TWO,cantankerous
1275,TWO,propulsion
1276,TWO,placoderm
1277,TWO,candelabrum
1278,TWO,tempura
1279,TWO,juvenilia
1280,TWO,vitriolic
1281,TWO,assailant
1282,TWO,hermitage
1283,TWO,vacillate
1284,TWO,reggae
1285,TWO,fomentation
1286,TWO,crinoline
1287,TWO,charioteer
1288,TWO,permutation
1289,TWO,phenotype
1290,TWO,futility
1291,TWO,reprisal
1292,TWO,debris
1293,TWO,solicit
1294,TWO,conference
1295,TWO,transposable
1296,TWO,untenable
1297,TWO,astrobleme
1298,TWO,armaments
1299,TWO,melismatic
1300,TWO,woebegone
1301,TWO,thrasonical
1302,TWO,feudalism
1303,TWO,sabotage
1304,TWO,versatile
1305,TWO,spurious
1306,TWO,resplendence
1307,TWO,trepanation
1308,TWO,malevolent
1309,TWO,absolution
1310,TWO,subtlety
1311,TWO,tempeh
1312,TWO,aphasia
1313,TWO,Holstein
1314,TWO,posada
1315,TWO,rutabaga
1316,TWO,hangar
1317,TWO,statistician
1318,TWO,environs
1319,TWO,quadrillion
1320,TWO,acquiesce
1321,TWO,espousal
1322,TWO,verbena
1323,TWO,ibuprofen
1324,TWO,celebratory
1325,TWO,tardigrade
1326,TWO,apothecary
1327,TWO,virulence
1328,TWO,zirconium
1329,TWO,injurious
1330,TWO,cornucopia
1331,TWO,varsity
1332,TWO,summary
1333,TWO,allocable
1334,TWO,ventriloquy
1335,TWO,anglophile
1336,TWO,prominent
1337,TWO,scholarship
1338,TWO,brogue
1339,TWO,effraction
1340,TWO,circumflex
1341,TWO,defiant
1342,TWO,archetype
1343,TWO,filbert
1344,TWO,suet
1345,TWO,limousine
1346,TWO,calligram
1347,TWO,substitute
1348,TWO,travails
1349,TWO,Galahad
1350,TWO,koto
1351,TWO,drupiferous
1352,TWO,eczema
1353,TWO,quiddity
1354,TWO,antipathy
1355,TWO,jadeite
1356,TWO,jingoism
1357,TWO,organelle
1358,TWO,theomachy
1359,TWO,karst
1360,TWO,leviathan
1361,TWO,peripheral
1362,TWO,satchel
1363,TWO,osprey
1364,TWO,fibula
1365,TWO,Brigadoon
1366,TWO,alpaca
1367,TWO,elevator
1368,TWO,evanescent
1369,TWO,elusive
1370,TWO,aberration
1371,TWO,vestibule
1372,TWO,duress
1373,TWO,chaperonage
1374,TWO,diverge
1375,TWO,disproportionate
1376,TWO,necrotic
1377,TWO,ballyhooed
1378,TWO,eucalyptus
1379,TWO,frittata
1380,TWO,exemplar
1381,TWO,cayenne
1382,TWO,eminent
1383,TWO,arpeggio
1384,TWO,rambunctious
1385,TWO,vandalize
1386,TWO,marsupial
1387,TWO,tabernacle
1388,TWO,phosphorescent
1389,TWO,beguile
1390,TWO,egress
1391,TWO,antagonistic
1392,TWO,drivel
1393,TWO,recruit
1394,TWO,anxiety
1395,TWO,centenary
1396,TWO,geocaching
1397,TWO,affront
1398,TWO,jettison
1399,TWO,tableau
1400,TWO,conch
1401,TWO,matrimony
1402,TWO,instigate
1403,TWO,element
1404,TWO,Promethean
1405,TWO,sheldrake
1406,TWO,singultus
1407,TWO,errata
1408,TWO,obscure
1409,TWO,desolate
1410,TWO,embassy
1411,TWO,suitable
1412,TWO,impromptu
1413,TWO,stipulate
1414,TWO,transcription
1415,TWO,truncate
1416,TWO,contemptuous
1417,TWO,cenotaph
1418,TWO,oracle
1419,TWO,naïveté
1420,TWO,muchacha
1421,TWO,pedicure
1422,TWO,okapi
1423,TWO,Plumeria
1424,TWO,condemn
1425,TWO,cadence
1426,TWO,steppe
1427,TWO,caftan
1428,TWO,welterweight
1429,TWO,perpetrator
1430,TWO,scenographer
1431,TWO,fido
1432,TWO,palpitant
1433,TWO,kaftan
1434,TWO,scrooge
1435,TWO,cinematic
1436,TWO,neuroticism
1437,TWO,vehicular
1438,TWO,nonchalance
1439,TWO,ingratiate
1440,TWO,morose
1441,TWO,wallaby
1442,TWO,cannoli
1443,TWO,sabbatical
1444,TWO,realm
1445,TWO,sousaphone
1446,TWO,osmosis
1447,TWO,contrivance
1448,TWO,platoon
1449,TWO,ermine
1450,TWO,estuary
1451,TWO,amalgam
1452,TWO,flimflammer
1453,TWO,suffrage
1454,TWO,solstice
1455,TWO,pugilist
1456,TWO,technician
1457,TWO,carnage
1458,TWO,astringent
1459,TWO,thyme
1460,TWO,swannery
1461,TWO,tapioca
1462,TWO,dietetic
1463,TWO,turmeric
1464,TWO,mademoiselle
1465,TWO,phlebotomy
1466,TWO,probative
1467,TWO,festooned
1468,TWO,homage
1469,TWO,zoolatry
1470,TWO,nouveau
1471,TWO,anemic
1472,TWO,oblique
1473,TWO,tectonic
1474,TWO,cumulus
1475,TWO,ricochet
1476,TWO,heterochromia
1477,TWO,anaemic
1478,TWO,buoyancy
1479,TWO,wizened
1480,TWO,essential
1481,TWO,hackneyed
1482,TWO,consul
1483,TWO,depravity
1484,TWO,situation
1485,TWO,tomfoolery
1486,TWO,seraphic
1487,TWO,vespertine
1488,TWO,hermetically
1489,TWO,effervescent
1490,TWO,lumbar
1491,TWO,harrumph
1492,TWO,cameist
1493,TWO,brusque
1494,TWO,excursion
1495,TWO,soirée
1496,TWO,topiary
1497,TWO,embezzlement
1498,TWO,scrumptiously
1499,TWO,brusk
1500,TWO,dreadlocks
1501,TWO,churros
1502,TWO,reverberant
1503,TWO,fallacy
1504,TWO,toploftical
1505,TWO,erstwhile
1506,TWO,theriatrics
1507,TWO,diadem
1508,TWO,yeanling
1509,TWO,asylum
1510,TWO,noctambulist
1511,TWO,lolled
1512,TWO,cumbersome
1513,TWO,larceny
1514,TWO,homicide
1515,TWO,remuneration
1516,TWO,visibility
1517,TWO,osteopath
1518,TWO,affluent
1519,TWO,acetaminophen
1520,TWO,graphologist
1521,TWO,expostulate
1522,TWO,ligament
1523,TWO,kaiser
1524,TWO,chastise
1525,TWO,parochial
1526,TWO,principality
1527,TWO,integument
1528,TWO,plenitude
1529,TWO,imperious
1530,TWO,colic
1531,TWO,earnestly
1532,TWO,Nostradamus
1533,TWO,Hebrides
1534,TWO,illustrious
1535,TWO,Egyptian
1536,TWO,atomic
1537,TWO,gaffe
1538,TWO,taxonomic
1539,TWO,macaw
1540,TWO,symmetrical
1541,TWO,foible
1542,TWO,fêng shui
1543,TWO,gaff
1544,TWO,beret
1545,TWO,perspicacious
1546,TWO,pendulous
1547,TWO,lousicide
1548,TWO,acuity
1549,TWO,ostensibly
1550,TWO,talisman
1551,TWO,reimbursable
1552,TWO,analepsis
1553,TWO,ewer
1554,TWO,subliminal
1555,TWO,nervily
1556,TWO,impecunious
1557,TWO,jambalaya
1558,TWO,mitigative
1559,TWO,curfew
1560,TWO,charismatic
1561,TWO,gingivitis
1562,TWO,reciprocity
1563,TWO,geriatric
1564,TWO,pyrite
1565,TWO,schism
1566,TWO,phoenix
1567,TWO,patience
1568,TWO,molecule
1569,TWO,striation
1570,TWO,sacrifice
1571,TWO,dilapidated
1572,TWO,bastion
1573,TWO,quittance
1574,TWO,millennial
1575,TWO,Appaloosa
1576,TWO,consternation
1577,TWO,peony
1578,TWO,edamame
1579,TWO,tenement
1580,TWO,ineffable
1581,TWO,ramifications
1582,TWO,escalator
1583,TWO,urgency
1584,TWO,porcelain
1585,TWO,soothsayer
1586,TWO,abnegation
1587,TWO,temerity
1588,TWO,impasto
1589,TWO,bifurcate
1590,TWO,deglaciation
1591,TWO,varicose
1592,TWO,adage
1593,TWO,Neapolitan
1594,TWO,caricature
1595,TWO,bittern
1596,TWO,twilight
1597,TWO,regurgitate
1598,TWO,cicada
1599,TWO,chintzy
1600,TWO,emerald
1601,TWO,flotsam
1602,TWO,proletarian
1603,TWO,stegosaur
1604,TWO,mauve
1605,TWO,genteel
1606,TWO,liege
1607,TWO,discombobulate
1608,TWO,vantage
1609,TWO,statuesque
1610,TWO,emeritus
1611,TWO,requisition
1612,TWO,wilco
1613,TWO,scrutiny
1614,TWO,discountenance
1615,TWO,nectarine
1616,TWO,suture
1617,TWO,stimuli
1618,TWO,germane
1619,TWO,concatenate
1620,TWO,stupefy
1621,TWO,galvanize
1622,TWO,obfuscate
1623,TWO,schooner
1624,TWO,bacteriolytic
1625,TWO,impeachable
1626,TWO,irrevocable
1627,TWO,agonistic
1628,TWO,casualty
1629,TWO,declamatory
1630,TWO,rhododendron
1631,TWO,residue
1632,TWO,trellis
1633,TWO,rosin
1634,TWO,perseverance
1635,TWO,embryo
1636,TWO,ineptitude
1637,TWO,halibut
1638,TWO,juxtapose
1639,TWO,burial
1640,TWO,apparatus
1641,TWO,languorous
1642,TWO,academese
1643,TWO,spectrometer
1644,TWO,hydrangea
1645,TWO,bulwark
1646,TWO,myopic
1647,TWO,stevia
1648,TWO,registrar
1649,TWO,circadian
1650,TWO,slalom
1651,TWO,iridescent
1652,TWO,ebullience
1653,TWO,phycology
1654,TWO,alma mater
1655,TWO,servitude
1656,TWO,corollary
1657,TWO,quince
1658,TWO,clairvoyance
1659,TWO,malaise
1660,TWO,comedienne
1661,TWO,traverse
1662,TWO,étude
1663,TWO,cyclone
1664,TWO,impetus
1665,TWO,staid
1666,TWO,cutaneous
1667,TWO,tungsten
1668,TWO,cranium
1669,TWO,usurper
1670,TWO,affianced
1671,TWO,acerbity
1672,TWO,gnarled
1673,TWO,vineyard
1674,TWO,equivalent
1675,TWO,phraseology
1676,TWO,archaism
1677,TWO,inimical
1678,TWO,hydroponic
1679,TWO,interrogative
1680,TWO,portentous
1681,TWO,caramel
1682,TWO,commodious
1683,TWO,kaleidoscope
1684,TWO,combustible
1685,TWO,scullery
1686,TWO,nepotism
1687,TWO,pecuniary
1688,TWO,austere
1689,TWO,gluttonous
1690,TWO,factorial
1691,TWO,tiramisu
1692,TWO,truffle
1693,TWO,cornea
1694,TWO,severance
1695,TWO,gypsum
1696,TWO,dolma
1697,TWO,exaggerate
1698,TWO,varicella
1699,TWO,resilience
1700,TWO,financier
1701,TWO,polypeptide
1702,TWO,sapphire
1703,TWO,enoki
1704,TWO,tonsillitis
1705,TWO,apiary
1706,TWO,wildebeest
1707,TWO,wushu
1708,TWO,prevenient
1709,TWO,profundity
1710,TWO,thoracic
1711,TWO,ronin
1712,TWO,asado
1713,TWO,contradictory
1714,TWO,Edenic
1715,TWO,mantra
1716,TWO,proviso
1717,TWO,tropical
1718,TWO,limpa
1719,TWO,penitentiary
1720,TWO,tributary
1721,TWO,escarole
1722,TWO,netiquette
1723,TWO,pontiff
1724,TWO,adolescence
1725,TWO,umbrage
1726,TWO,laudatory
1727,TWO,nanotechnology
1728,TWO,paucity
1729,TWO,omniscient
1730,TWO,menagerie
1731,TWO,crustaceans
1732,TWO,jitney
1733,TWO,bureau
1734,TWO,doldrums
1735,TWO,capacity
1736,TWO,hallucinate
1737,TWO,bubonic
1738,TWO,wattage
1739,TWO,burglarious
1740,TWO,slumgullion
1741,TWO,sewage
1742,TWO,opprobrious
1743,TWO,sartorial
1744,TWO,papillon
1745,TWO,cryptozoa
1746,TWO,valedictorian
1747,TWO,epoxy
1748,TWO,nocturnal
1749,TWO,escarpment
1750,TWO,vertigo
1751,TWO,preponderance
1752,TWO,auspices
1753,TWO,discreetly
1754,TWO,redolent
1755,TWO,Celsius
1756,TWO,accumulate
1757,TWO,bruxism
1758,TWO,elaborative
1759,TWO,sieve
1760,TWO,vendage
1761,TWO,dialysis
1762,TWO,deltoidal
1763,TWO,psychoanalysis
1764,TWO,proprietary
1765,TWO,trounce
1766,TWO,entente
1767,TWO,humidistat
1768,TWO,opulent
1769,TWO,calendar
1770,TWO,seclusion
1771,TWO,hydrophobia
1772,TWO,boomslang
1773,TWO,sardonic
1774,TWO,paramecium
1775,TWO,reiterate
1776,TWO,adieu
1777,TWO,ingot
1778,TWO,circuitous
1779,TWO,braille
1780,TWO,monochrome
1781,TWO,remorseful
1782,TWO,tenaciously
1783,TWO,nubuck
1784,TWO,veracity
1785,TWO,vignette
1786,TWO,facade
1787,TWO,cybernetics
1788,TWO,indemnity
1789,TWO,jocularity
1790,TWO,marionette
1791,TWO,adjudicate
1792,TWO,evaporation
1793,TWO,garniture
1794,TWO,cyanosis
1795,TWO,unfurl
1796,TWO,calculator
1797,TWO,epidermis
1798,TWO,occupancy
1799,TWO,stagflation
1800,TWO,lorikeet
1801,TWO,herringbone
1802,TWO,corduroy
1803,TWO,carriage
1804,TWO,coriander
1805,TWO,brontophobia
1806,TWO,malfeasance
1807,TWO,orchestra
1808,TWO,encore
1809,TWO,abstemious
1810,TWO,amnesty
1811,TWO,macrobiotics
1812,TWO,sequential
1813,TWO,phlox
1814,TWO,hollyhock
1815,TWO,echinoderm
1816,TWO,condensation
1817,TWO,glareous
1818,TWO,intersperse
1819,TWO,tractability
1820,TWO,qualms
1821,TWO,optimum
1822,TWO,aqueduct
1823,TWO,rejuvenate
1824,TWO,numerology
1825,TWO,montage
1826,TWO,mosaic
1827,TWO,pathogen
1828,TWO,ferret
1829,TWO,tubular
1830,TWO,Paleozoic
1831,TWO,compendium
1832,TWO,centipede
1833,TWO,acrostic
1834,TWO,widdershins
1835,TWO,dodecahedron
1836,TWO,funnel
1837,TWO,unmoored
1838,TWO,attendee
1839,TWO,anthropology
1840,TWO,hostile
1841,TWO,rictus
1842,TWO,syndicate
1843,TWO,yardang
1844,TWO,nomenclature
1845,TWO,cruciferous
1846,TWO,subsequent
1847,TWO,vengeance
1848,TWO,chrysalis
1849,TWO,fluctuation
1850,TWO,botany
1851,TWO,macchiato
1852,TWO,whet
1853,TWO,modular
1854,TWO,bethesda
1855,TWO,flabbergast
1856,TWO,Holocaust
1857,TWO,ancillary
1858,TWO,blatant
1859,TWO,kleptocrat
1860,TWO,cartilage
1861,TWO,accolade
1862,TWO,augment
1863,TWO,toile
1864,TWO,pyramid
1865,TWO,neuropathy
1866,TWO,coeval
1867,TWO,connivery
1868,TWO,acoustic
1869,TWO,plaudits
1870,TWO,terminus
1871,TWO,surrealist
1872,TWO,curio
1873,TWO,impresario
1874,TWO,eruption
1875,TWO,serenade
1876,TWO,agitation
1877,TWO,secession
1878,TWO,ombudsman
1879,TWO,bruschetta
1880,TWO,auburn
1881,TWO,heptad
1882,TWO,tremulous
1883,TWO,digression
1884,TWO,hydrant
1885,TWO,dictum
1886,TWO,virtually
1887,TWO,engineer
1888,TWO,scythe
1889,TWO,intricate
1890,TWO,zeppelin
1891,TWO,premonition
1892,TWO,glissando
1893,TWO,pilcrow
1894,TWO,duplicitous
1895,TWO,annotate
1896,TWO,superficiality
1897,TWO,stereotypical
1898,TWO,stomach
1899,TWO,porosity
1900,TWO,protectorate
1901,TWO,vehemence
1902,TWO,marooned
1903,TWO,bergamot
1904,TWO,demonstrative
1905,TWO,tandoori
1906,TWO,placards
1907,TWO,fervorous
1908,TWO,volary
1909,TWO,telepathic
1910,TWO,megalomaniac
1911,TWO,succumb
1912,TWO,corral
1913,TWO,septennial
1914,TWO,volery
1915,TWO,banquet
1916,TWO,posse
1917,TWO,fervently
1918,TWO,credulity
1919,TWO,hypotenuse
1920,TWO,follicle
1921,TWO,upbraid
1922,TWO,declension
1923,TWO,divestiture
1924,TWO,dissonance
1925,TWO,emancipatory
1926,TWO,brochure
1927,TWO,pancreas
1928,TWO,berserk
1929,TWO,roseola
1930,TWO,shoji
1931,TWO,supine
1932,TWO,grotesqueness
1933,TWO,expunge
1934,TWO,cathedral
1935,TWO,installation
1936,TWO,auditorium
1937,TWO,fracas
1938,TWO,privatim
1939,TWO,maize
1940,TWO,deciduous
1941,TWO,harbinger
1942,TWO,reconcilable
1943,TWO,disrepair
1944,TWO,eradicate
1945,TWO,metastasize
1946,TWO,baleen
1947,TWO,raptatorial
1948,TWO,evaluate
1949,TWO,photogenic
1950,TWO,krypton
1951,TWO,quintessential
1952,TWO,Einstein
1953,TWO,sobriety
1954,TWO,mastodon
1955,TWO,rehearsal
1956,TWO,ethanol
1957,TWO,pollutant
1958,TWO,municipal
1959,TWO,manumit
1960,TWO,denticulate
1961,TWO,irritability
1962,TWO,quadriceps
1963,TWO,brouhaha
1964,TWO,adversaria
1965,TWO,dentifrice
1966,TWO,supplicate
1967,TWO,vainglorious
1968,TWO,tachycardia
1969,TWO,pedantry
1970,TWO,turbinado
1971,TWO,collegiality
1972,TWO,torsion
1973,TWO,ataxia
1974,TWO,triceratops
1975,TWO,performance
1976,TWO,brethren
1977,TWO,inclement
1978,TWO,justiciable
1979,TWO,pageantry
1980,TWO,sandal
1981,TWO,equivocate
1982,TWO,tympanum
1983,TWO,celery
1984,TWO,vernal
1985,TWO,vinegar
1986,TWO,pashmina
1987,TWO,fission
1988,TWO,fisticuffs
1989,TWO,idiosyncratic
1990,TWO,aardvark
1991,TWO,fiduciary
1992,TWO,utilitarian
1993,TWO,boondoggle
1994,TWO,propinquity
1995,TWO,burgoo
1996,TWO,census
1997,TWO,emulsify
1998,TWO,millivolt
1999,TWO,phylum
2000,TWO,hypochondria
2001,TWO,recusancy
2002,TWO,menial
2003,TWO,curator
2004,TWO,enumerated
2005,TWO,fatuously
2006,TWO,obstetrician
2007,TWO,retrocedence
2008,TWO,Moroccan
2009,TWO,judicious
2010,TWO,desertification
2011,TWO,fraudulent
2012,TWO,replete
2013,TWO,cauterize
2014,TWO,clearance
2015,TWO,vice versa
2016,TWO,quirky
2017,TWO,necessity
2018,TWO,raucous
2019,TWO,immolate
2020,TWO,assure
2021,TWO,exercise
2022,TWO,arraign
2023,TWO,piety
2024,TWO,Brandywine
2025,TWO,résumé
2026,TWO,compatriots
2027,TWO,civet
2028,TWO,elegant
2029,TWO,veritable
2030,TWO,surreptitious
2031,TWO,extensive
2032,TWO,liaise
2033,TWO,pancetta
2034,TWO,minacious
2035,TWO,sashay
2036,TWO,surplus
2037,TWO,transcend
2038,TWO,quotidian
2039,TWO,waiver
2040,TWO,vindictive
2041,TWO,sciatica
2042,TWO,impediment
2043,TWO,freneticism
2044,TWO,matriculation
2045,TWO,decennial
2046,TWO,implacable
2047,TWO,discomfiture
2048,TWO,revenant
2049,TWO,merino
2050,TWO,revulsive
2051,TWO,dynamite
2052,TWO,logarithmic
2053,TWO,emphysema
2054,TWO,topgallant
2055,TWO,pestilence
2056,TWO,gaucho
2057,TWO,Gemini
2058,TWO,regicide
2059,TWO,stridency
2060,TWO,clandestine
2061,TWO,mordant
2062,TWO,capsule
2063,TWO,retinol
2064,TWO,hubris
2065,TWO,acetone
2066,TWO,genealogical
2067,TWO,posthumous
2068,TWO,tragedian
2069,TWO,corpulent
2070,TWO,hibernaculum
2071,TWO,cerebellum
2072,TWO,pomposity
2073,TWO,QWERTY
2074,TWO,fajitas
2075,TWO,potpourri
2076,TWO,bandicoot
2077,TWO,pantomime
2078,TWO,neonatology
2079,TWO,foosball
2080,TWO,felonious
2081,TWO,pallor
2082,TWO,malinger
2083,TWO,prima donna
2084,TWO,pituitary
2085,TWO,accentuate
2086,TWO,palatial
2087,TWO,Yorkshire
2088,TWO,parliamentary
2089,TWO,praxis
2090,TWO,fleetness
2091,TWO,ascension
2092,TWO,Mecca
2093,TWO,Belgravia
2094,TWO,rebarbative
2095,TWO,Tinseltown
2096,TWO,anonymity
2097,TWO,venue
2098,TWO,albeit
2099,TWO,casserole
2100,TWO,olympiad
2101,TWO,sorrel
2102,TWO,carcinogenic
2103,TWO,microfiche
2104,TWO,vermicide
2105,TWO,semester
2106,TWO,crocodile
2107,TWO,McCoy
2108,TWO,detritus
2109,TWO,quadrilateral
2110,TWO,echelon
2111,TWO,sacrament
2112,TWO,venerable
2113,TWO,histrionics
2114,TWO,anorak
2115,TWO,turpentine
2116,TWO,supremacy
2117,TWO,terra-cotta
2118,TWO,chemise
2119,TWO,cashier
2120,TWO,enviable
2121,TWO,cellophane
2122,TWO,clowder
2123,TWO,moratorium
2124,TWO,campanology
2125,TWO,polysemy
2126,TWO,extrapolate
2127,TWO,indulgent
2128,TWO,occultation
2129,TWO,cognizant
2130,TWO,persuasible
2131,TWO,stampede
2132,TWO,extinguish
2133,TWO,occipital
2134,TWO,Chihuahua
2135,TWO,cognisant
2136,TWO,desultorily
2137,TWO,forfeit
2138,TWO,pilaster
2139,TWO,predicament
2140,TWO,promontory
2141,TWO,languish
2142,TWO,papyrus
2143,TWO,armadillo
2144,TWO,perceptible
2145,TWO,provincial
2146,TWO,shar-pei
2147,TWO,protuberant
2148,TWO,El Niño
2149,TWO,overweening
2150,TWO,dystopia
2151,TWO,antithesis
2152,TWO,narcoleptic
2153,TWO,chortle
2154,TWO,anchorage
2155,TWO,sacrosanct
2156,TWO,muesli
2157,TWO,gouge
2158,TWO,efface
2159,TWO,unscathed
2160,TWO,conundrum
2161,TWO,syringe
2162,TWO,crux
2163,TWO,salivate
2164,TWO,sycophant
2165,TWO,raclette
2166,TWO,debilitate
2167,TWO,eclipse
2168,TWO,wordmonger
2169,TWO,laity
2170,TWO,bellwether
2171,TWO,superstitious
2172,TWO,mittimus
2173,TWO,espadrille
2174,TWO,wobbulator
2175,TWO,indolent
2176,TWO,clarinet
2177,TWO,mawkish
2178,TWO,mellifluous
2179,TWO,corgi
2180,TWO,mahogany
2181,TWO,documentary
2182,TWO,capillary
2183,TWO,flambé
2184,TWO,clemency
2185,TWO,caffeine
2186,TWO,moribund
2187,TWO,bromide
2188,TWO,disposition
2189,TWO,patronymic
2190,TWO,backgammon
2191,TWO,panacea
2192,TWO,recriminatory
2193,TWO,algae
2194,TWO,remonstrance
2195,TWO,odometer
2196,TWO,intuitable
2197,TWO,cabaret
2198,TWO,subaqueous
2199,TWO,reminiscent
2200,TWO,smithereens
2201,TWO,uvula
2202,TWO,divvy
2203,TWO,froufrou
2204,TWO,eschew
2205,TWO,avarice
2206,TWO,cholera
2207,TWO,diligence
2208,TWO,plantain
2209,TWO,Formica
2210,TWO,ventricle
2211,TWO,bouclé
2212,TWO,minuscule
2213,TWO,bodega
2214,TWO,aperture
2215,TWO,Mylar
2216,TWO,inducement
2217,TWO,thoroughbred
2218,TWO,miniscule
2219,TWO,bona fide
2220,TWO,rhythmically
2221,TWO,rustication
2222,TWO,vanguard
2223,TWO,potassium
2224,TWO,jeepney
2225,TWO,gustatory
2226,TWO,shazam
2227,TWO,globular
2228,TWO,portrait
2229,TWO,peculate
2230,TWO,volucrine
2231,TWO,obliterate
2232,TWO,bountiful
2233,TWO,stellular
2234,TWO,tepidity
2235,TWO,treatise
2236,TWO,populace
2237,TWO,legalese
2238,TWO,pantheon
2239,TWO,akimbo
2240,TWO,meridian
2241,TWO,undergird
2242,TWO,vetiver
2243,TWO,rudiments
2244,TWO,marimba
2245,TWO,derisive
2246,TWO,spontaneity
2247,TWO,oompah
2248,TWO,parameters
2249,TWO,monitory
2250,TWO,conduit
2251,TWO,ineluctable
2252,TWO,platinum
2253,TWO,adulation
2254,TWO,inflammable
2255,TWO,equilibrium
2256,TWO,bravado
2257,TWO,eerily
2258,TWO,nonnegotiable
2259,TWO,minutia
2260,TWO,pyrotechnics
2261,TWO,roustabout
2262,TWO,beneficent
2263,TWO,funambulist
2264,TWO,disparate
2265,TWO,anticipatory
2266,TWO,mollify
2267,TWO,trifle
2268,TWO,indict
2269,TWO,apotheosis
2270,TWO,artifice
2271,TWO,chinook
2272,TWO,cohesive
2273,TWO,ambrosial
2274,TWO,epitome
2275,TWO,entrée
2276,TWO,cymbals
2277,TWO,indigent
2278,TWO,stigmata
2279,TWO,simultaneity
2280,TWO,annulment
2281,TWO,homeostasis
2282,TWO,nucleated
2283,TWO,merganser
2284,TWO,prolix
2285,TWO,gastronome
2286,TWO,vegetarian
2287,TWO,mummified
2288,TWO,exorbitant
2289,TWO,sternum
2290,TWO,mitochondria
2291,TWO,epithet
2292,TWO,surimi
2293,TWO,prehensile
2294,TWO,reparations
2295,TWO,par excellence
2296,TWO,onomatopoeia
2297,TWO,encroach
2298,TWO,besmirch
2299,TWO,somatotype
2300,TWO,constabulary
2301,TWO,thwartwise
2302,TWO,lavender
2303,TWO,acacia
2304,TWO,trespass
2305,TWO,bizarro
2306,TWO,speculate
2307,TWO,tae kwon do
2308,TWO,tensile
2309,TWO,tetanus
2310,TWO,commandeer
2311,TWO,dissemble
2312,TWO,stratosphere
2313,TWO,fenestrated
2314,TWO,gaudery
2315,TWO,scarlatina
2316,TWO,bonsai
2317,TWO,gallant
2318,TWO,noxious
2319,TWO,lugubrious
2320,TWO,luxuriate
2321,TWO,ciao
2322,TWO,university
2323,TWO,intensify
2324,TWO,arbitrary
2325,TWO,isosceles
2326,TWO,cavalcade
2327,TWO,genome
2328,TWO,celestial
2329,TWO,hurriedly
2330,TWO,quasar
2331,TWO,hoity-toity
2332,TWO,gladiatorial
2333,TWO,inviolable
2334,TWO,preposterous
2335,TWO,corrosive
2336,TWO,Podunk
2337,TWO,Mesopotamian
2338,TWO,machination
2339,TWO,contrite
2340,TWO,extant
2341,TWO,afghan
2342,TWO,seize
2343,TWO,Muzak
2344,TWO,pugnacious
2345,TWO,patrician
2346,TWO,cogently
2347,TWO,odontiasis
2348,TWO,pathos
2349,TWO,vicinity
2350,TWO,peruse
2351,TWO,enervate
2352,TWO,auricular
2353,TWO,stratification
2354,TWO,equinox
2355,TWO,merely
2356,TWO,alluvial
2357,TWO,turophile
2358,TWO,settee
2359,TWO,tomahawk
2360,TWO,prosperous
2361,TWO,abominable
2362,TWO,epicurean
2363,TWO,Patagonia
2364,TWO,legitimately
2365,TWO,artesian
2366,TWO,sclerosis
2367,TWO,procedure
2368,TWO,derelict
2369,TWO,vanquish
2370,TWO,inoculate
2371,TWO,mendacious
2372,TWO,ablaut
2373,TWO,limpid
2374,TWO,revelation
2375,TWO,ectoplasm
2376,TWO,heleoplankton
2377,TWO,gubernatorial
2378,TWO,anabolic
2379,TWO,syllabus
2380,TWO,arithmetic
2381,TWO,olfactory
2382,TWO,pliant
2383,TWO,pungent
2384,TWO,jimberjawed
2385,TWO,animus
2386,TWO,depredation
2387,TWO,en masse
2388,TWO,billiards
2389,TWO,mandrill
2390,TWO,toilsome
2391,TWO,trillium
2392,TWO,ignominious
2393,TWO,stroganoff
2394,TWO,obstreperous
2395,TWO,gibbous
2396,TWO,tempestuous
2397,TWO,Dalmatian
2398,TWO,auction
2399,TWO,procrastinate
2400,TWO,frabjous
2401,TWO,extracurricular
2402,TWO,univocal
2403,TWO,ufology
2404,TWO,assiduous
2405,TWO,purification
2406,TWO,spiracle
2407,TWO,punctuation
2408,TWO,nautilus
2409,TWO,triforium
2410,TWO,submersible
2411,TWO,kraken
2412,TWO,nephrolith
2413,TWO,xenoglossy
2414,TWO,thievery
2415,TWO,déjà vu extemporaneous
2416,TWO,stanzaic
2417,TWO,adipose
2418,TWO,smorgasbord
2419,TWO,dragoon
2420,TWO,déjà vue
2421,TWO,ungetatable
2422,TWO,putrescent
2423,TWO,quorum
2424,TWO,electrode
2425,TWO,yuzu
2426,TWO,calabash
2427,TWO,unilaterally
2428,TWO,nostalgia
2429,TWO,pharynx
2430,TWO,sporadically
2431,TWO,ritziness
2432,TWO,chute
2433,TWO,ordinance
2434,TWO,dechlorinate
2435,TWO,epistolary
2436,TWO,sudation
2437,TWO,gazette
2438,TWO,shute
2439,TWO,ursine
2440,TWO,unconscionable
2441,TWO,pursuit
2442,TWO,cytoplasm
2443,TWO,continuum
2444,TWO,impermeable
2445,TWO,arduous
2446,TWO,Pembroke
2447,TWO,esoteric
2448,TWO,affectionately
2449,TWO,pachyderm
2450,TWO,trepidation
2451,TWO,carnitas
2452,TWO,liquefaction
2453,TWO,grapheme
2454,TWO,Pulitzer
2455,TWO,symposium
2456,TWO,collision
2457,TWO,bulgogi
2458,TWO,palazzo
2459,TWO,trigonometry
2460,TWO,vitreous
2461,TWO,floribunda
2462,TWO,scarab
2463,TWO,fibromyalgia
2464,TWO,miasma
2465,TWO,alloy
2466,TWO,wraith
2467,TWO,salience
2468,TWO,veganism
2469,TWO,terrier
2470,TWO,concoct
2471,TWO,Belgium
2472,TWO,insulin
2473,TWO,molasses
2474,TWO,humerus
2475,TWO,captivated
2476,TWO,modicum
2477,TWO,audacious
2478,TWO,phlegmatic
2479,TWO,classical
2480,TWO,vagabonds
2481,TWO,onus
2482,TWO,javelin
2483,TWO,exasperate
2484,TWO,spasmodic
2485,TWO,fungible
2486,TWO,variegated
2487,TWO,precursor
2488,TWO,spoonerism
2489,TWO,Mandarin
2490,TWO,bouquet
2491,TWO,Gothamite
2492,TWO,volition
2493,TWO,mochi
2494,TWO,complicit
2495,TWO,Kelvin
2496,TWO,denizen
2497,TWO,affable
2498,TWO,gossamer
2499,TWO,feign
2500,TWO,gyrocopter
2501,TWO,vellum
2502,TWO,duopoly
2503,TWO,dopamine
2504,TWO,vincible
2505,TWO,dementia
2506,TWO,medieval
2507,TWO,enunciate
2508,TWO,alpinist
2509,TWO,pitiful
2510,TWO,factitious
2511,TWO,voilà
2512,TWO,mediaeval
2513,TWO,tarsier
2514,TWO,abracadabra
2515,TWO,ammunition
2516,TWO,sculpture
2517,TWO,habanero
2518,TWO,licensure
2519,TWO,autodidact
2520,TWO,plethora
2521,TWO,pariah
2522,TWO,annuity
2523,TWO,Francophone
2524,TWO,Herculean
2525,TWO,parable
2526,TWO,rappelled
2527,TWO,prodigious
2528,TWO,quid pro quo
2529,TWO,convivium
2530,TWO,pilgrimages
2531,TWO,rowan
2532,TWO,conceit
2533,TWO,denominator
2534,TWO,curmudgeon
2535,TWO,atrium
2536,TWO,oriel
2537,TWO,tripartite
2538,TWO,tapas
2539,TWO,prorogue
2540,TWO,cushion
2541,TWO,italicization
2542,TWO,preeminent
2543,TWO,Bohemian
2544,TWO,sediment
2545,TWO,fecund
2546,TWO,tutelage
2547,TWO,preliminary
2548,TWO,alfresco
2549,TWO,succinct
2550,TWO,emulate
2551,TWO,laceration
2552,TWO,domiciled
2553,TWO,echoed
2554,TWO,loquacious
2555,TWO,inquietude
2556,TWO,caveat
2557,TWO,nexus
2558,TWO,theorem
2559,TWO,reticulated
2560,TWO,prosthetic
2561,TWO,compunction
2562,TWO,doubloons
2563,TWO,decor
2564,TWO,accrual
2565,TWO,authenticate
2566,TWO,latency
2567,TWO,decumbiture
2568,TWO,oscillation
2569,TWO,duchy
2570,TWO,grandeur
2571,TWO,fiscal
2572,TWO,epitaphs
2573,TWO,multivalent
2574,TWO,enzyme
2575,TWO,pagoda
2576,TWO,ottoman
2577,TWO,oblige
2578,TWO,solitaire
2579,TWO,artillery
2580,TWO,dinero
2581,TWO,establishment
2582,TWO,logographic
2583,TWO,viscount
2584,TWO,dishevel
2585,TWO,quotient
2586,TWO,comestibles
2587,TWO,ruminate
2588,TWO,armistice
2589,TWO,plague
2590,TWO,Limburger
2591,TWO,ricotta
2592,TWO,stenographer
2593,TWO,sympathy
2594,TWO,cryogenic
2595,TWO,preferential
2596,TWO,tuffet
2597,TWO,guttural
2598,TWO,mezzanine
2599,TWO,puniness
2600,TWO,catalyst
2601,TWO,bazooka
2602,TWO,epact
2603,TWO,atrocious
2604,TWO,lozenge
2605,TWO,lingua franca
2606,TWO,thespian
2607,TWO,complacency
2608,TWO,abstruse
2609,TWO,vivacious
2610,TWO,tedious
2611,TWO,resonate
2612,TWO,triste
2613,TWO,armature
2614,TWO,peradventure
2615,TWO,fulminate
2616,TWO,sostenuto
2617,TWO,suspicion
2618,TWO,interred
2619,TWO,maidenhair
2620,TWO,Ryeland
2621,TWO,bilaterian
2622,TWO,credence
2623,TWO,repudiate
2624,TWO,legerity
2625,TWO,aureole
2626,TWO,domesticity
2627,TWO,wootz
2628,TWO,Farsi
2629,TWO,emporium
2630,TWO,Vatican
2631,TWO,spinosity
2632,TWO,episcopal
2633,TWO,movimento
2634,TWO,novemdecillion
2635,TWO,Victorian
2636,TWO,fucoid
2637,TWO,prespinous
2638,TWO,consecrate
2639,TWO,mandorla
2640,TWO,adjugate
2641,TWO,forestallment
2642,TWO,parley
2643,TWO,cladistics
2644,TWO,trituration
2645,TWO,pomegranate
2646,TWO,epidural
2647,TWO,Iberian
2648,TWO,meningitis
2649,TWO,gasiform
2650,TWO,neoterism
2651,TWO,parodic
2652,TWO,patella
2653,TWO,dandle
2654,TWO,nutation
2655,TWO,valuator
2656,TWO,interregnum
2657,TWO,osculatory
2658,TWO,hydrocortisone
2659,TWO,effete
2660,TWO,nutria
2661,TWO,deserter
2662,TWO,viaticum
2663,TWO,orthogonal
2664,TWO,maritime
2665,TWO,Antigua
2666,TWO,sedge
2667,TWO,jankers
2668,TWO,homiletics
2669,TWO,planisphere
2670,TWO,debutante
2671,TWO,vaudeville
2672,TWO,capstan
2673,TWO,Evactor
2674,TWO,psalmody
2675,TWO,tase
2676,TWO,ramson
2677,TWO,frisket
2678,TWO,vicarious
2679,TWO,possessive
2680,TWO,omnilegent
2681,TWO,Shiba Inu
2682,TWO,asthmatic
2683,TWO,brockage
2684,TWO,alate
2685,TWO,venial
2686,TWO,princeps
2687,TWO,misnomer
2688,TWO,pilosity
2689,TWO,malapropism
2690,TWO,victimology
2691,TWO,seton
2692,TWO,procurement
2693,TWO,eustress
2694,TWO,depreciate
2695,TWO,pelf
2696,TWO,ibex
2697,TWO,demerits
2698,TWO,cribo
2699,TWO,blastogenesis
2700,TWO,Pierre
2701,TWO,aqueous
2702,TWO,cudgel
2703,TWO,diaspora
2704,TWO,colubrine
2705,TWO,octuplicate
2706,TWO,davenport
2707,TWO,Dianthus
2708,TWO,bicameral
2709,TWO,pious
2710,TWO,immie
2711,TWO,in silico
2712,TWO,convocation
2713,TWO,olingo
2714,TWO,irrigation
2715,TWO,borough
2716,TWO,aretalogy
2717,TWO,particulate
2718,TWO,recreant
2719,TWO,Halifax
2720,TWO,labradoodle
2721,TWO,volatile
2722,TWO,sessile
2723,TWO,planogram
2724,TWO,majuscule
2725,TWO,concordance
2726,TWO,portico
2727,TWO,gnocchi
2728,TWO,du jour
2729,TWO,Pomeranian
2730,TWO,Cheshire cat
2731,TWO,huerta
2732,TWO,corsage
2733,TWO,surety
2734,TWO,lanceolate
2735,TWO,freegan
2736,TWO,phishing
2737,TWO,vascular
2738,TWO,smellfungus
2739,TWO,pileus
2740,TWO,bowsprit
2741,TWO,emissary
2742,TWO,Motrin
2743,TWO,wentletrap
2744,TWO,arboretum
2745,TWO,fez
2746,TWO,Charon
2747,TWO,balsamic
2748,TWO,tsk-tsked
2749,TWO,serrated
2750,TWO,Zamboni
2751,TWO,glengarry
2752,TWO,chupacabra
2753,TWO,pothos
2754,TWO,cum laude
2755,TWO,poblano
2756,TWO,blarney
2757,TWO,commissioner
2758,TWO,Acadians
2759,TWO,polysyllabic
2760,TWO,evo-devo
2761,TWO,conclave
2762,TWO,diacritic
2763,TWO,grande dame
2764,TWO,Gippsland
2765,TWO,teraphim
2766,TWO,lumen
2767,TWO,Gregorian
2768,TWO,mephitic
2769,TWO,verism
2770,TWO,froward
2771,TWO,anserine
2772,TWO,catalina
2773,TWO,rebuff
2774,TWO,complementary
2775,TWO,dramatization
2776,TWO,ensconced
2777,TWO,elicitation
2778,TWO,Sumatran
2779,TWO,taverna
2780,TWO,Philistine
2781,TWO,nonconformist
2782,TWO,cattalo
2783,TWO,advocatory
2784,TWO,restitutory
2785,TWO,illicitly
2786,TWO,dyspeptic
2787,TWO,château
2788,TWO,catalo
2789,TWO,eligibility
2790,TWO,cholesterol
2791,TWO,cribbage
2792,TWO,inglorious
2793,TWO,erroneous
2794,TWO,hypogeous
2795,TWO,placate
2796,TWO,astaxanthin
2797,TWO,crith
2798,TWO,louche
2799,TWO,Salvador
2800,TWO,composite
2801,TWO,runcible spoon
2802,TWO,Florentine
2803,TWO,Namibian
2804,TWO,avatar
2805,TWO,trillado
2806,TWO,Miranda
2807,TWO,goji berry
2808,TWO,stricture
2809,TWO,tricenary
2810,TWO,grandiloquent
2811,TWO,per se
2812,TWO,Newfoundland
2813,TWO,implicative
2814,TWO,no-goodnik
2815,TWO,agnail
2816,TWO,afroth
2817,TWO,anoint
2818,TWO,heterophony
2819,TWO,capnometer
2820,TWO,perquisite
2821,TWO,rhapsody
2822,TWO,appraisal
2823,TWO,polonium
2824,TWO,fontina
2825,TWO,pilotage
2826,TWO,Franciscan
2827,TWO,parabola
2828,TWO,espial
2829,TWO,biomimicry
2830,TWO,arietta
2831,TWO,abaft
2832,TWO,primeval
2833,TWO,kung pao
2834,TWO,durango
2835,TWO,deprivation
2836,TWO,Romano
2837,TWO,morphological
2838,TWO,aglossal
2839,TWO,pomato
2840,TWO,ante
2841,TWO,impoverish
2842,TWO,retrodict
2843,TWO,nodosity
2844,TWO,inerrancy
2845,TWO,amiably
2846,TWO,flexitarian
2847,TWO,expectorant
2848,TWO,somniloquy
2849,TWO,Munich
2850,TWO,nomancy
2851,TWO,parsimony
2852,TWO,Tasmanian
2853,TWO,antacid
2854,TWO,coalition
2855,TWO,officinal
2856,TWO,prion
2857,TWO,hipsterism
2858,TWO,umbilical
2859,TWO,discretionary
2860,TWO,Cassandra
2861,TWO,ancho
2862,TWO,melamine
2863,TWO,zacate
2864,TWO,inveterate
2865,TWO,quinary
2866,TWO,polyester
2867,TWO,eluate
2868,TWO,acquit
2869,THREE,reflexology
2870,THREE,aerials
2871,THREE,menorahs
2872,THREE,humus
2873,THREE,Montmorency
2874,THREE,Confucianism
2875,THREE,intentionally
2876,THREE,surgeon
2877,THREE,heirloom
2878,THREE,Cantonese
2879,THREE,justaucorps
2880,THREE,Chaucerian
2881,THREE,cocoon
2882,THREE,Judaism
2883,THREE,pallid
2884,THREE,herbalist
2885,THREE,ducats
2886,THREE,Edinburgh
2887,THREE,motley
2888,THREE,stalemate
2889,THREE,renal
2890,THREE,fortuitous
2891,THREE,condyles
2892,THREE,Carlisle
2893,THREE,fetlocks
2894,THREE,thoroughfare
2895,THREE,mete
2896,THREE,poultice
2897,THREE,Yom Kippur
2898,THREE,Mantua
2899,THREE,ranchero
2900,THREE,transgressions
2901,THREE,russet
2902,THREE,guarantor
2903,THREE,Firenze
2904,THREE,Jains
2905,THREE,intolerance
2906,THREE,abdomen
2907,THREE,topologically
2908,THREE,adduced
2909,THREE,kaddish
2910,THREE,ziggurat
2911,THREE,gluten
2912,THREE,appeasement
2913,THREE,burgundy
2914,THREE,impertinent
2915,THREE,Chelonia
2916,THREE,Arapaho
2917,THREE,pulverized
2918,THREE,liability
2919,THREE,brocade
2920,THREE,fractious
2921,THREE,Quasimodo
2922,THREE,Arapahoe
2923,THREE,pulverised
2924,THREE,penchant
2925,THREE,heresy
2926,THREE,Darwinism
2927,THREE,Helvetia
2928,THREE,Durham
2929,THREE,mystified
2930,THREE,propensity
2931,THREE,perdition
2932,THREE,transept
2933,THREE,lachrymose
2934,THREE,derrick
2935,THREE,swankiest
2936,THREE,instinctive
2937,THREE,incorrigibles
2938,THREE,condescendingly
2939,THREE,quatrains
2940,THREE,Kerala
2941,THREE,clouting
2942,THREE,infectious
2943,THREE,porcine
2944,THREE,rhetorical
2945,THREE,katabatic
2946,THREE,chandleries
2947,THREE,demeanor
2948,THREE,Minnesota
2949,THREE,dispensation
2950,THREE,phenomenal
2951,THREE,bivouac
2952,THREE,bier
2953,THREE,demeanour
2954,THREE,adversity
2955,THREE,Richter scale
2956,THREE,mortification
2957,THREE,fata morgana
2958,THREE,Des Moines
2959,THREE,mallet
2960,THREE,convictions
2961,THREE,palpable
2962,THREE,covenant
2963,THREE,hawsers
2964,THREE,conurbation
2965,THREE,Singapore
2966,THREE,intestine
2967,THREE,congealing
2968,THREE,throes
2969,THREE,Bayreuth
2970,THREE,Sioux
2971,THREE,disembodied
2972,THREE,discriminating
2973,THREE,bantlings
2974,THREE,semblance
2975,THREE,vambrace
2976,THREE,refectory
2977,THREE,Korea
2978,THREE,exile
2979,THREE,prioress
2980,THREE,aversion
2981,THREE,plastron
2982,THREE,presidio
2983,THREE,aisles
2984,THREE,lineage
2985,THREE,embroidery
2986,THREE,primordial
2987,THREE,linsey-woolsey
2988,THREE,unsportsmanlike
2989,THREE,coaxing
2990,THREE,coronation
2991,THREE,moppet
2992,THREE,Albion
2993,THREE,ensnarement
2994,THREE,permanence
2995,THREE,padre
2996,THREE,assassinate
2997,THREE,paschal
2998,THREE,morbidity
2999,THREE,larkspur
3000,THREE,mien
3001,THREE,vuvuzela
3002,THREE,coracle
3003,THREE,proctors
3004,THREE,drudgery
3005,THREE,resinous
3006,THREE,adzuki
3007,THREE,abalones
3008,THREE,trodden
3009,THREE,ransacked
3010,THREE,scree
3011,THREE,allée
3012,THREE,repast
3013,THREE,torturous
3014,THREE,kimchi
3015,THREE,chaplain
3016,THREE,d
3017,THREE,Bloomsbury
3018,THREE,referral
3019,THREE,kimchee
3020,THREE,feinted
3021,THREE,Wiesbaden
3022,THREE,aquiline
3023,THREE,imaret
3024,THREE,allelopathy
3025,THREE,cinerarium
3026,THREE,hierurgical
3027,THREE,kathakali
3028,THREE,onychorrhexis
3029,THREE,cornichon
3030,THREE,capoeira
3031,THREE,polemic
3032,THREE,melee
3033,THREE,cozen
3034,THREE,existence
3035,THREE,devastavit
3036,THREE,agnolotti
3037,THREE,paladin
3038,THREE,emolument
3039,THREE,oxalis
3040,THREE,vigneron
3041,THREE,Mediterranean
3042,THREE,ballabile
3043,THREE,totipotency
3044,THREE,ikebana
3045,THREE,myeloma
3046,THREE,tannined
3047,THREE,longevous
3048,THREE,draegerman
3049,THREE,agnomen
3050,THREE,exaugural
3051,THREE,lebensraum
3052,THREE,spiedini
3053,THREE,digerati
3054,THREE,prescient
3055,THREE,Bauhaus
3056,THREE,gaillardia
3057,THREE,mufti
3058,THREE,anhinga
3059,THREE,solecism
3060,THREE,Fribourg
3061,THREE,sacerdotal
3062,THREE,caryatid
3063,THREE,dirigible
3064,THREE,jai alai
3065,THREE,hypertrophy
3066,THREE,proselytizer
3067,THREE,skeuomorph
3068,THREE,heliacal
3069,THREE,surcease
3070,THREE,Rastafarian
3071,THREE,ravigote
3072,THREE,proselytiser
3073,THREE,binturong
3074,THREE,schefflera
3075,THREE,ascetic
3076,THREE,succussion
3077,THREE,inchoate
3078,THREE,tenon
3079,THREE,mamushi
3080,THREE,contrapposto
3081,THREE,oolite
3082,THREE,avifauna
3083,THREE,judoka
3084,THREE,nubilous
3085,THREE,lipophilic
3086,THREE,temblor
3087,THREE,revanche
3088,THREE,joropo
3089,THREE,vaccary
3090,THREE,iatrogenic
3091,THREE,codicil
3092,THREE,insouciance
3093,THREE,megrims
3094,THREE,toxicosis
3095,THREE,Adelaide
3096,THREE,onychitis
3097,THREE,coulomb
3098,THREE,catarrh
3099,THREE,podagra
3100,THREE,colporteur
3101,THREE,unwonted
3102,THREE,roux
3103,THREE,violaceous
3104,THREE,quattrocento
3105,THREE,palaver
3106,THREE,colporter
3107,THREE,tazza
3108,THREE,tuatara
3109,THREE,Rorschach
3110,THREE,millegrain
3111,THREE,luthier
3112,THREE,agitprop
3113,THREE,damson
3114,THREE,chicle
3115,THREE,arthralgia
3116,THREE,canaille
3117,THREE,yttriferous
3118,THREE,Achernar
3119,THREE,pelisse
3120,THREE,sulcus
3121,THREE,desman
3122,THREE,verisimilitude
3123,THREE,vermeil
3124,THREE,cassock
3125,THREE,succade
3126,THREE,thalamus
3127,THREE,jacaranda
3128,THREE,Keynesian
3129,THREE,Ouagadougou
3130,THREE,meringue
3131,THREE,tumulus
3132,THREE,gyttja
3133,THREE,huapango
3134,THREE,akaryote
3135,THREE,bibliopegist
3136,THREE,mackinaw
3137,THREE,dorsiflexor
3138,THREE,jibboom
3139,THREE,predilection
3140,THREE,azulejo
3141,THREE,plagiarism
3142,THREE,sambal
3143,THREE,profiterole
3144,THREE,vestigial
3145,THREE,entomophagy
3146,THREE,hauberk
3147,THREE,holobenthic
3148,THREE,yuloh
3149,THREE,valetudinary
3150,THREE,Orwellian
3151,THREE,paronomasia
3152,THREE,bouillon
3153,THREE,boutonniere
3154,THREE,hermeneutics
3155,THREE,aristoi
3156,THREE,gimbaled
3157,THREE,facsimile
3158,THREE,tarpaulin
3159,THREE,anodyne
3160,THREE,tikkun
3161,THREE,vireo
3162,THREE,gimballed
3163,THREE,renminbi
3164,THREE,cephalopod
3165,THREE,saccharide
3166,THREE,macaque
3167,THREE,rococo
3168,THREE,cabaletta
3169,THREE,interferon
3170,THREE,pulchritude
3171,THREE,boulevardier
3172,THREE,lassitude
3173,THREE,lachsschinken
3174,THREE,hesped
3175,THREE,sedulous
3176,THREE,pekoe
3177,THREE,quokka
3178,THREE,oeuvre
3179,THREE,wakame
3180,THREE,umami
3181,THREE,velouté
3182,THREE,patois
3183,THREE,lidocaine
3184,THREE,altazimuth
3185,THREE,bathos
3186,THREE,persiflage
3187,THREE,Aesopian
3188,THREE,Rubicon
3189,THREE,contretemps
3190,THREE,Castilian
3191,THREE,nihilism
3192,THREE,toreador
3193,THREE,frigate
3194,THREE,Truckee
3195,THREE,a posteriori
3196,THREE,trichinosis
3197,THREE,ustion
3198,THREE,vermicelli
3199,THREE,enoptromancy
3200,THREE,aerophilatelic
3201,THREE,scaberulous
3202,THREE,ecclesiology
3203,THREE,sumpsimus
3204,THREE,frangipane
3205,THREE,satiety
3206,THREE,ankh
3207,THREE,anaglyphy
3208,THREE,teppanyaki
3209,THREE,morel
3210,THREE,reseau
3211,THREE,perorate
3212,THREE,contumelious
3213,THREE,reconnoiter
3214,THREE,cicatrize
3215,THREE,abeyance
3216,THREE,moulage
3217,THREE,danseur
3218,THREE,vicissitudes
3219,THREE,reconnoitre
3220,THREE,somnolent
3221,THREE,rongeur
3222,THREE,interpellate
3223,THREE,chevalier
3224,THREE,lilliputian
3225,THREE,realpolitik
3226,THREE,intonaco
3227,THREE,mountebank
3228,THREE,genuflect
3229,THREE,taurine
3230,THREE,Sbrinz
3231,THREE,colloque
3232,THREE,realia
3233,THREE,grison
3234,THREE,toroidal
3235,THREE,speleothem
3236,THREE,sangfroid
3237,THREE,upsilon
3238,THREE,rouille
3239,THREE,phulkari
3240,THREE,bialy
3241,THREE,euripus
3242,THREE,pasilla
3243,THREE,sakura
3244,THREE,rescissible
3245,THREE,garrulous
3246,THREE,appurtenances
3247,THREE,samarium
3248,THREE,maringouin
3249,THREE,buccal
3250,THREE,Jungian
3251,THREE,paroxysm
3252,THREE,corsair
3253,THREE,variscite
3254,THREE,argot
3255,THREE,zocalo
3256,THREE,Groenendael
3257,THREE,communiqué
3258,THREE,zabaglione
3259,THREE,bolide
3260,THREE,vicenary
3261,THREE,aficionado
3262,THREE,facile
3263,THREE,Chantilly
3264,THREE,velamen
3265,THREE,vervain
3266,THREE,ajimez
3267,THREE,afficionado
3268,THREE,chrysolite
3269,THREE,jacquard
3270,THREE,sporran
3271,THREE,chanoyu
3272,THREE,pompeii
3273,THREE,piscivorous
3274,THREE,execrable
3275,THREE,sorghum
3276,THREE,clematis
3277,THREE,hamadryad
3278,THREE,oviparous
3279,THREE,benison
3280,THREE,hangul
3281,THREE,guilloche
3282,THREE,kente
3283,THREE,calumny
3284,THREE,mangonel
3285,THREE,gagaku
3286,THREE,cartouches
3287,THREE,appositive
3288,THREE,ranine
3289,THREE,escabeche
3290,THREE,coalescence
3291,THREE,amygdala
3292,THREE,Nicoise
3293,THREE,dirndl
3294,THREE,riparian
3295,THREE,ad hominem
3296,THREE,Plantagenet
3297,THREE,scurrilous
3298,THREE,julienne
3299,THREE,latke
3300,THREE,accoutrement
3301,THREE,oubliette
3302,THREE,bauxite
3303,THREE,flèche
3304,THREE,moiety
3305,THREE,martinet
3306,THREE,accouterment
3307,THREE,béchamel
3308,THREE,kakapo
3309,THREE,tetrachoric
3310,THREE,pastitsio
3311,THREE,asterion
3312,THREE,radicchio
3313,THREE,repoussage
3314,THREE,pelagial
3315,THREE,sforzando
3316,THREE,modiste
3317,THREE,hypallage
3318,THREE,dudgeon
3319,THREE,otacoustic
3320,THREE,ague
3321,THREE,thalassic
3322,THREE,deuterium
3323,THREE,solenoid
3324,THREE,nitid
3325,THREE,naranjilla
3326,THREE,largesses
3327,THREE,frazil
3328,THREE,Icarian
3329,THREE,veridical
3330,THREE,Basenji
3331,THREE,elegiac
3332,THREE,fulgent
3333,THREE,rapprochement
3334,THREE,pappardelle
3335,THREE,threnody
3336,THREE,concinnate
3337,THREE,pâtissier
3338,THREE,olecranon
3339,THREE,glacis
3340,THREE,Sahel
3341,THREE,Jacobean
3342,THREE,Stradivarius
3343,THREE,Yeatsian
3344,THREE,toreutics
3345,THREE,ahimsa
3346,THREE,bibelot
3347,THREE,ballotage
3348,THREE,synecdoche
3349,THREE,surfeit
3350,THREE,mascarpone
3351,THREE,kanji
3352,THREE,telegnosis
3353,THREE,ocotillo
3354,THREE,tulsi
3355,THREE,limicolous
3356,THREE,rissole
3357,THREE,weltschmerz
3358,THREE,loupe
3359,THREE,dubitante
3360,THREE,sebaceous
3361,THREE,girandole
3362,THREE,seneschal
3363,THREE,jalousie
3364,THREE,oleiculture
3365,THREE,disciform
3366,THREE,papeterie
3367,THREE,googol
3368,THREE,pinniped
3369,THREE,ichthyology
3370,THREE,loess
3371,THREE,mizuna
3372,THREE,litigious
3373,THREE,étagère
3374,THREE,wahine
3375,THREE,pruritus
3376,THREE,löss
3377,THREE,trichotillomania
3378,THREE,phytophilous
3379,THREE,anechoic
3380,THREE,grissino
3381,THREE,dactylic
3382,THREE,ruelle
3383,THREE,huipil
3384,THREE,meunière
3385,THREE,leonine
3386,THREE,coterie
3387,THREE,affogato
3388,THREE,Ushuaia
3389,THREE,mustelid
3390,THREE,hilum
3391,THREE,laulau
3392,THREE,sylph
3393,THREE,scrivener
3394,THREE,redingote
3395,THREE,prestidigitation
3396,THREE,fanfaronade
3397,THREE,Gruyère
3398,THREE,Cincinnati
3399,THREE,dysrhythmia
3400,THREE,adscititious
3401,THREE,soupçon
3402,THREE,malachite
3403,THREE,proprioceptive
3404,THREE,diastole
3405,THREE,dragée
3406,THREE,hummock
3407,THREE,diphtheria
3408,THREE,urticaria
3409,THREE,oppugn
3410,THREE,mediobrome
3411,THREE,choucroute
3412,THREE,internecine
3413,THREE,bdelloid
3414,THREE,capsaicin
3415,THREE,macropterous
3416,THREE,demurrage
3417,THREE,hsaing-waing
3418,THREE,duxelles
3419,THREE,nugatory
3420,THREE,ptosis
3421,THREE,euphonious
3422,THREE,tristeza
3423,THREE,stevedore
3424,THREE,mesial
3425,THREE,commorients
3426,THREE,pejerrey
3427,THREE,retinoscopy
3428,THREE,trigeminal
3429,THREE,harangue
3430,THREE,Feldenkrais
3431,THREE,immiscible
3432,THREE,horologist
3433,THREE,sepulchral
3434,THREE,bruja
3435,THREE,niveau
3436,THREE,bailiwick
3437,THREE,bozzetto
3438,THREE,ethylene
3439,THREE,yakitori
3440,THREE,pahoehoe
3441,THREE,panjandrum
3442,THREE,attaché
3443,THREE,coiffure
3444,THREE,flaneur
3445,THREE,pejorate
3446,THREE,Kjeldahl
3447,THREE,catachresis
3448,THREE,rafflesia
3449,THREE,repartee
3450,THREE,Ponzi
3451,THREE,Aitutakian
3452,THREE,rubefacient
3453,THREE,tiffin
3454,THREE,ranunculus
3455,THREE,chimera
3456,THREE,teneramente
3457,THREE,parterre
3458,THREE,halcyon
3459,THREE,colcannon
3460,THREE,pistou
3461,THREE,chimaera
3462,THREE,styptic
3463,THREE,rondeau
3464,THREE,corrigenda
3465,THREE,tournedos
3466,THREE,scintillation
3467,THREE,avgolemono
3468,THREE,sopapilla
3469,THREE,atlatl
3470,THREE,Zanni
3471,THREE,ormolu
3472,THREE,Bolognese
3473,THREE,exiguous
3474,THREE,nictitate
3475,THREE,allochroous
3476,THREE,nonage
3477,THREE,blottesque
3478,THREE,farrago
3479,THREE,presentient
3480,THREE,boutade
3481,THREE,ennui
3482,THREE,beurre
3483,THREE,consommé
3484,THREE,coup de grace
3485,THREE,renvoi
3486,THREE,towhee
3487,THREE,caisson
3488,THREE,jicama
3489,THREE,ullage
3490,THREE,tourelle
3491,THREE,kichel
3492,THREE,escritoire
3493,THREE,cheongsam
3494,THREE,sturnine
3495,THREE,zortzico
3496,THREE,notturno
3497,THREE,semaphore
3498,THREE,affenpinscher
3499,THREE,graticule
3500,THREE,octonocular
3501,THREE,teratism
3502,THREE,ginglymus
3503,THREE,gambol
3504,THREE,gudgeon
3505,THREE,gyascutus
3506,THREE,parallax
3507,THREE,flagellum
3508,THREE,hemorrhage
3509,THREE,angiitis
3510,THREE,beaumontage
3511,THREE,cygnet
3512,THREE,antenatus
3513,THREE,panegyric
3514,THREE,tapetum
3515,THREE,Teutonic
3516,THREE,galoot
3517,THREE,supercilious
3518,THREE,trouvaille
3519,THREE,hoi polloi
3520,THREE,golem
3521,THREE,Conestoga
3522,THREE,desiccate
3523,THREE,dysphasia
3524,THREE,glazier
3525,THREE,sirenian
3526,THREE,krewe
3527,THREE,zeitgeist
3528,THREE,aporia
3529,THREE,kugel
3530,THREE,kinesiology
3531,THREE,nescience
3532,THREE,toque
3533,THREE,heinousness
3534,THREE,moraine
3535,THREE,topazolite
3536,THREE,exogenous
3537,THREE,blatherskite
3538,THREE,avuncular
3539,THREE,nacelle
3540,THREE,hirsute
3541,THREE,trompe l
3542,THREE,aniseikonia
3543,THREE,consigliere
3544,THREE,habiliments
3545,THREE,rupicolous
3546,THREE,shubunkin
3547,THREE,ailette
3548,THREE,guayabera
3549,THREE,adiabatic
3550,THREE,rubato
3551,THREE,Pythagorean
3552,THREE,hepatectomy
3553,THREE,fetticus
3554,THREE,realgar
3555,THREE,camembert
3556,THREE,gentilitial
3557,THREE,kepi
3558,THREE,bloviate
3559,THREE,rocaille
3560,THREE,anaphylaxis
3561,THREE,ecchymosis
3562,THREE,obnebulate
3563,THREE,bulgur
3564,THREE,seine
3565,THREE,couverture
3566,THREE,bobolink
3567,THREE,oppidan
3568,THREE,allonym
3569,THREE,bulghur
3570,THREE,galapago
3571,THREE,lemniscus
3572,THREE,diluent
3573,THREE,decastich
3574,THREE,croquembouche
3575,THREE,ushabti
3576,THREE,au courant
3577,THREE,ad nauseam
3578,THREE,urushiol
3579,THREE,Naugahyde
3580,THREE,kobold
3581,THREE,puchero
3582,THREE,crepuscular
3583,THREE,ganache
3584,THREE,andouille
3585,THREE,lefse
3586,THREE,mendicity
3587,THREE,nival
3588,THREE,theca
3589,THREE,sauger
3590,THREE,otiose
3591,THREE,beccafico
3592,THREE,castellated
3593,THREE,ascites
3594,THREE,croustade
3595,THREE,kanban
3596,THREE,megacephalic
3597,THREE,amphistylar
3598,THREE,toponymic
3599,THREE,Véronique
3600,THREE,kipuka
3601,THREE,toccata
3602,THREE,souchong
3603,THREE,saturnine
3604,THREE,boudin
3605,THREE,planetesimal
3606,THREE,noumenon
3607,THREE,pertinacity
3608,THREE,poltroon
3609,THREE,zaibatsu
3610,THREE,bucatini
3611,THREE,taoiseach
3612,THREE,chicanery
3613,THREE,gasthaus
3614,THREE,Freudian
3615,THREE,titian
3616,THREE,reboation
3617,THREE,obeisant
3618,THREE,vilipend
3619,THREE,transmontane
3620,THREE,floruit
3621,THREE,tokonoma
3622,THREE,haupia
3623,THREE,whippoorwill
3624,THREE,vitiate
3625,THREE,laterigrade
3626,THREE,Bunyanesque
3627,THREE,unguiculate
3628,THREE,Keplerian
3629,THREE,Ficus
3630,THREE,spodumene
3631,THREE,hyssop
3632,THREE,exsect
3633,THREE,amaryllis
3634,THREE,codswallop
3635,THREE,agelicism
3636,THREE,leberwurst
3637,THREE,naumachia
3638,THREE,champignon
3639,THREE,reveille
3640,THREE,hauteur
3641,THREE,subrident
3642,THREE,daguerreotype
3643,THREE,focaccia
3644,THREE,bahuvrihi
3645,THREE,regnal
3646,THREE,camarilla
3647,THREE,nidicolous
3648,THREE,coaxation
3649,THREE,crescive
3650,THREE,connoisseur
3651,THREE,embolus
3652,THREE,cabochon
3653,THREE,oxyacetylene
3654,THREE,ardoise
3655,THREE,tryptophan
3656,THREE,ferruginous
3657,THREE,caveola
3658,THREE,après
3659,THREE,Humboldt
3660,THREE,farouche
3661,THREE,neophyte
3662,THREE,gendarme
3663,THREE,farina
3664,THREE,zydeco
3665,THREE,hellebore
3666,THREE,farfalle
3667,THREE,buffa
3668,THREE,demulcent
3669,THREE,heuristic
3670,THREE,consanguine
3671,THREE,transhumance
3672,THREE,ogival
3673,THREE,clavichord
3674,THREE,goosander
3675,THREE,nudibranch
3676,THREE,bibimbap
3677,THREE,phloem
3678,THREE,stretto
3679,THREE,de rigueur
3680,THREE,kwashiorkor
3681,THREE,triquetra
3682,THREE,aquiclude
3683,THREE,lacustrine
3684,THREE,coccygeal
3685,THREE,secant
3686,THREE,lecithin
3687,THREE,paramahamsa
3688,THREE,demitasse
3689,THREE,ageusia
3690,THREE,Diplodocus
3691,THREE,comanchero
3692,THREE,cetology
3693,THREE,duello
3694,THREE,tomalley
3695,THREE,pillor
3696,THREE,tachyon
3697,THREE,meiosis
3698,THREE,plenipotentiary
3699,THREE,fjeld
3700,THREE,bouffant
3701,THREE,deleterious
3702,THREE,piccata
3703,THREE,gules
3704,THREE,foudroyant
3705,THREE,tomography
3706,THREE,bas-relief
3707,THREE,ikat
3708,THREE,isagoge
3709,THREE,nimiety
3710,THREE,sesquipedalian
3711,THREE,effleurage
3712,THREE,rhizome
3713,THREE,pylorus
3714,THREE,élan
3715,THREE,lokelani
3716,THREE,expugnable
3717,THREE,chastushka
3718,THREE,Wensleydale
3719,THREE,erythroblast
3720,THREE,breviloquence
3721,THREE,psoriasis
3722,THREE,profligacy
3723,THREE,bergère
3724,THREE,erubescent
3725,THREE,maillot
3726,THREE,kalimba
3727,THREE,bavardage
3728,THREE,yosenabe
3729,THREE,Erewhonian
3730,THREE,estovers
3731,THREE,epenthesis
3732,THREE,illative
3733,THREE,coulibiac
3734,THREE,funori
3735,THREE,rhyton
3736,THREE,rembrandt
3737,THREE,hinoki
3738,THREE,betony
3739,THREE,xyloglyphy
3740,THREE,piloncillo
3741,THREE,orogeny
3742,THREE,marcel
3743,THREE,nonpareil
3744,THREE,bêtise
3745,THREE,Aramaic
3746,THREE,xiphias
3747,THREE,Pepysian
3748,THREE,croquignole
3749,THREE,nyctinasty
3750,THREE,transience
3751,THREE,anathema
3752,THREE,étouffée
3753,THREE,esplanade
3754,THREE,dolmen
3755,THREE,pointelle
3756,THREE,frison
3757,THREE,basilica
3758,THREE,degauss
3759,THREE,gesellschaft
3760,THREE,griot
3761,THREE,vinaigrette
3762,THREE,flavedo
3763,THREE,rajpramukh
3764,THREE,tussock
3765,THREE,tamari
3766,THREE,vexillologist
3767,THREE,tinnient
3768,THREE,maquillage
3769,THREE,Chalcolithic
3770,THREE,lanolated
3771,THREE,arenaceous
3772,THREE,halala
3773,THREE,aioli
3774,THREE,mortadella
3775,THREE,rinceau
3776,THREE,linnet
3777,THREE,panettone
3778,THREE,halalah
3779,THREE,pochoir
3780,THREE,stanchion
3781,THREE,filar
3782,THREE,embouchure
3783,THREE,tmesis
3784,THREE,corybantic
3785,THREE,glyceraldehyde
3786,THREE,spirulina
3787,THREE,bhangra
3788,THREE,plangency
3789,THREE,clerihew
3790,THREE,chasuble
3791,THREE,hagiographer
3792,THREE,eleemosynary
3793,THREE,risorgimento
3794,THREE,apocryphal
3795,THREE,tsukupin
3796,THREE,furuncle
3797,THREE,syncope
3798,THREE,force majeure
3799,THREE,agalma
3800,THREE,tamarack
3801,THREE,katakana
3802,THREE,pongee
3803,THREE,icosahedron
3804,THREE,ossicle
3805,THREE,analgesia
3806,THREE,puerilely
3807,THREE,Parmentier
3808,THREE,acoel
3809,THREE,goanna
3810,THREE,anemone
3811,THREE,dengue
3812,THREE,obloquy
3813,THREE,rugose
3814,THREE,acral
3815,THREE,wassail
3816,THREE,alpargata
3817,THREE,cantatrice
3818,THREE,dhole
3819,THREE,brume
3820,THREE,Koine
3821,THREE,ammonite
3822,THREE,disembogue
3823,THREE,emollient
3824,THREE,Sangamon
3825,THREE,hiortdahlite
3826,THREE,weka
3827,THREE,tanager
3828,THREE,luculent
3829,THREE,parquet
3830,THREE,outré
3831,THREE,extravasate
3832,THREE,haplography
3833,THREE,pneumatocyst
3834,THREE,expatiate
3835,THREE,dhurrie
3836,THREE,ululate
3837,THREE,incunabula
3838,THREE,Tchefuncte
3839,THREE,fortissimo
3840,THREE,xerogel
3841,THREE,lapidary
3842,THREE,sororal
3843,THREE,cordillera
3844,THREE,becquerel
3845,THREE,portmanteau
3846,THREE,vizierial
3847,THREE,cachexia
3848,THREE,epideictic
3849,THREE,zazen
3850,THREE,darnel
3851,THREE,giallolino
3852,THREE,frugivore
3853,THREE,charcuterie
3854,THREE,cathect
3855,THREE,virga
3856,THREE,catjang
3857,THREE,krausen
3858,THREE,lobscouse
3859,THREE,zugzwang
3860,THREE,mange-tout
3861,THREE,ab aeterno
3862,THREE,neem
3863,THREE,Castalia
3864,THREE,senecio
3865,THREE,triskelion
3866,THREE,whakapapa
3867,THREE,Caracas
3868,THREE,amour propre
3869,THREE,nahcolite
3870,THREE,jasmone
3871,THREE,crokinole
3872,THREE,Astur
3873,THREE,indicia
3874,THREE,Sagittarius
3875,THREE,telamon
3876,THREE,hawok
3877,THREE,anicca
3878,THREE,Casimir effect
3879,THREE,Huallaga
3880,THREE,hordeolum
3881,THREE,uraeus
3882,THREE,fructiferous
3883,THREE,batamote
3884,THREE,Devanagari
3885,THREE,kufi
3886,THREE,trous-de-loup
3887,THREE,teledu
3888,THREE,martinoe
3889,THREE,yabbies
3890,THREE,bismillah
3891,THREE,Novanglian
3892,THREE,vis-à-vis
3893,THREE,gattine
3894,THREE,lierre
3895,THREE,salmagundi
3896,THREE,deceleron
3897,THREE,una corda
3898,THREE,Latinxua
3899,THREE,mele
3900,THREE,porwigle
3901,THREE,salmagundy
3902,THREE,Ardipithecus
3903,THREE,triduum
3904,THREE,Barnumesque
3905,THREE,Marathi
3906,THREE,portugais
3907,THREE,hutia
3908,THREE,Equatoguinean
3909,THREE,wapiti
3910,THREE,medulla
3911,THREE,nuciform
3912,THREE,ligas
3913,THREE,jutia
3914,THREE,limaçon
3915,THREE,galena
3916,THREE,aughts
3917,THREE,grandrelle
3918,THREE,Osloite
3919,THREE,Deseret
3920,THREE,Kannada
3921,THREE,gyokuro
3922,THREE,carnitine
3923,THREE,bordereaux
3924,THREE,sciolistic
3925,THREE,Djibouti
3926,THREE,Bundt
3927,THREE,luftmensch
3928,THREE,ahuehuete
3929,THREE,rambla
3930,THREE,seraya
3931,THREE,Tegucigalpa
3932,THREE,Strigolniki
3933,THREE,aggrandizement
3934,THREE,hominin
3935,THREE,tullibee
3936,THREE,janthina
3937,THREE,Llullaillaco
3938,THREE,Bavarian cream
3939,THREE,battue
3940,THREE,guichet
3941,THREE,Skeltonic
3942,THREE,Pyxis
3943,THREE,hysteron proteron
3944,THREE,Tok Pisin
3945,THREE,Guarnerius
3946,THREE,balata
3947,THREE,Bezier curve
3948,THREE,rooseveltite
3949,THREE,dvandva
3950,THREE,unakite
3951,THREE,balbriggan
3952,THREE,Beauceron
3953,THREE,temalacatl
3954,THREE,ivermectin
3955,THREE,azotea
3956,THREE,affeer
3957,THREE,ni-Vanuatu
3958,THREE,darmstadtium
3959,THREE,coulrophobia
3960,THREE,gabbro
3961,THREE,pomology
3962,THREE,Vulcan
3963,THREE,Eris
3964,THREE,ancien régime
3965,THREE,gegenschein
3966,THREE,Svengali
3967,THREE,anabathmoi
3968,THREE,flehmen
3969,THREE,deathin
3970,THREE,hebdomadal
3971,THREE,escheator
3972,THREE,selah
3973,THREE,au bleu
3974,THREE,zowie
3975,THREE,gypsophila
3976,THREE,dogana
3977,THREE,cirri
3978,THREE,pou sto
3979,THREE,colocate
3980,THREE,koh-i-noor
3981,THREE,toorie
3982,THREE,Oort cloud
3983,THREE,kapparah
3984,THREE,Aglaia
3985,THREE,nocive
3986,THREE,exchequer
3987,THREE,cobalamin
3988,THREE,Kuiper Belt
3989,THREE,Apostolici
3990,THREE,cataphora
3991,THREE,habeas corpus
3992,THREE,amuse-gueule
3993,THREE,Quaoar
3994,THREE,ubiquinone
3995,THREE,blastema
3996,THREE,kerril
3997,THREE,anent
3998,THREE,agate
3999,THREE,Gurmukhi
4000,THREE,trochee
4001,THREE,pudibund
4002,THREE,abaculus
4003,THREE,art brut
4004,THREE,Burkinabe
4005,THREE,diapason
4006,THREE,toril
4007,THREE,Dvorak
4008,THREE,banh mi
4009,THREE,ciliopathy
4010,THREE,deliquesce
4011,THREE,ryas
4012,THREE,sous vide
4013,THREE,attacca
4014,THREE,logothete
4015,THREE,aperçu
4016,THREE,terai
4017,THREE,Nethinim
4018,THREE,Ryukyu
4019,THREE,grobian
4020,THREE,cioppino
4021,THREE,gabarit
4022,THREE,Rayleigh wave
4023,THREE,kalopanax
4024,THREE,rond de jambe
4025,THREE,inglenook
4026,THREE,guerite
4027,THREE,Gaia
4028,THREE,derring-do
4029,THREE,kyphoplasty
4030,THREE,efflux
4031,THREE,gallivat
4032,THREE,Ner Tamid
4033,THREE,Alfvén
4034,THREE,Aten
4035,SOW,d’orsay
